exception,7.307675691988067E-4
equivalent,8.905359626561728E-4
processingcorepapplet,7.307675691988067E-4
functions,6.67362349529043E-4
leading,9.964920648946392E-4
objects,0.001334724699058086
savefile,9.964920648946392E-4
gettallykeyarray,0.0016547514956258313
systemarraycopyvalues,0.0019929841297892784
getsubsetstart,9.964920648946392E-4
mathmincount,9.964920648946392E-4
outgoingsetdatai,0.0016547514956258313
setting,6.114349821708361E-4
printwriter,0.0016079270470654753
these,7.307675691988067E-4
would,7.307675691988067E-4
because,9.49667616334283E-4
sorts,0.0017810719253123456
happen,9.964920648946392E-4
stringlistsubset,0.0016547514956258313
grow,0.0017810719253123456
past,0.004019817617663688
appendv,0.0019929841297892784
diff,0.0021923027075964204
+,0.007742246274854913
concat,9.964920648946392E-4
appends,0.0016547514956258313
an,0.004273504273504274
as,0.0014245014245014246
sorted,8.039635235327377E-4
at,0.002807031236452884
size,0.0030571749108541805
intermediate,8.905359626561728E-4
returns,6.114349821708361E-4
unused,8.905359626561728E-4
<,0.01571937492413615
removevaluesstring,0.0016547514956258313
=,0.057929724596391265
>,0.003613048261598959
object,0.0010322995033139883
writeprintwriter,9.964920648946392E-4
be,0.0033238366571699905
stringlistint,0.0016547514956258313
datai,0.02391580955747134
writerprintlndatai,9.964920648946392E-4
see,0.0014245014245014246
same,0.0012228699643416722
by,9.49667616334283E-4
datab,0.0019929841297892784
dataa,0.0019929841297892784
dataacomparetoignorecasedatab,0.0016547514956258313
override,0.0030571749108541805
a,0.017568850902184234
b,0.001334724699058086
set,0.0015484492549709826
javaioprintwriter,9.964920648946392E-4
stringlistdata,0.0016547514956258313
i,0.03200015609556288
writewriter,9.964920648946392E-4
rnextintnum,9.964920648946392E-4
o,0.001334724699058086
the,0.03513770180436847
webref,0.0109615135379821
r,7.307675691988067E-4
s,6.114349821708361E-4
t,0.0014615351383976134
throw,0.004491249978324614
spliceinsert,9.964920648946392E-4
v,0.0016079270470654753
newvalue,0.00795373068156141
removeint,9.964920648946392E-4
tempindex,0.0022661864777966676
joinstring,8.905359626561728E-4
do,6.114349821708361E-4
empty,6.67362349529043E-4
intdict,0.009928508973754987
stringlength,0.0033095029912516625
act,8.039635235327377E-4
helper,0.0017810719253123456
valueslength,0.008014823663905556
leave,8.905359626561728E-4
others,9.964920648946392E-4
add,0.0016842187418717304
replacevaluesstring,0.0016547514956258313
making,7.307675691988067E-4
count,0.049526233555837726
its,0.003613048261598959
check,0.0015484492549709826
encoding,7.307675691988067E-4
list,0.019097540811308784
pappletcreatewriterfile,9.964920648946392E-4
outgoingcount,9.964920648946392E-4
sketchrandomcount,9.964920648946392E-4
valueequalsdatai,0.006619005982503325
useful,4.748338081671415E-4
sortimplfinal,0.0016547514956258313
however,7.307675691988067E-4
outgoing,0.003368437483743461
some,6.114349821708361E-4
private,0.0014245014245014246
optimized,8.905359626561728E-4
for,0.018043684710351376
itemslength,9.964920648946392E-4
remove,0.003613048261598959
random,0.005343215775937037
whatequalsdatai,0.0016547514956258313
json,8.905359626561728E-4
end,6.67362349529043E-4
class,0.0014245014245014246
just,0.0011228124945811535
over,0.0016079270470654753
removechoice,9.964920648946392E-4
sortimplfalse,0.0016547514956258313
splice,8.905359626561728E-4
false,4.748338081671415E-4
length,0.007340985844819473
room,0.0033992797166950014
appenduniquestring,0.0016547514956258313
better,8.905359626561728E-4
webbrief,0.012059452852991065
with,0.002849002849002849
print,8.039635235327377E-4
there,5.614062472905768E-4
setup,8.905359626561728E-4
suitable,8.905359626561728E-4
avoid,8.039635235327377E-4
append,8.039635235327377E-4
subset,0.0016079270470654753
very,0.0016079270470654753
choicepapplet,0.0011330932388983338
pile,9.964920648946392E-4
stringlistthisremoveindex,0.0016547514956258313
construct,9.964920648946392E-4
entire,0.003562143850624691
number,5.614062472905768E-4
else,0.006172839506172839
hasnext,9.964920648946392E-4
join,8.039635235327377E-4
sortimpltrue,0.0016547514956258313
per,6.114349821708361E-4
if,0.026590693257359924
mathrandom,0.0017810719253123456
write,4.748338081671415E-4
order,0.0030571749108541805
ii,0.004452679813280864
large,8.905359626561728E-4
sbappendseparator,8.905359626561728E-4
in,0.005698005698005698
gettally,0.0016547514956258313
lower,0.0026716078879685185
datacount,0.0016547514956258313
index,0.03480718733201576
is,0.004273504273504274
being,6.114349821708361E-4
it,0.0014245014245014246
removing,0.001334724699058086
even,5.161497516569942E-4
arrays,8.039635235327377E-4
getsubsetint,0.0019929841297892784
compareint,9.964920648946392E-4
writerclose,8.039635235327377E-4
arrayindexoutofboundsexceptionindex,0.0019929841297892784
save,5.161497516569942E-4
drastic,9.964920648946392E-4
getint,8.039635235327377E-4
file,0.0010322995033139883
strings,8.039635235327377E-4
tempappendjsonobjectquoteitem,0.0016547514956258313
theres,8.039635235327377E-4
accommodate,0.0011330932388983338
replacevaluestring,0.0016547514956258313
have,9.49667616334283E-4
weirder,9.964920648946392E-4
could,0.0010322995033139883
resizeint,8.039635235327377E-4
inconsistent,0.0011330932388983338
stringnum,0.0016547514956258313
removei,0.0016547514956258313
removed,0.0018343049465125083
swapint,9.964920648946392E-4
toarraystring,0.0016547514956258313
shuffle,0.0019929841297892784
return,0.024216524216524215
instance,0.0011228124945811535
use,0.0015484492549709826
dataindex,0.007971936519157114
while,9.49667616334283E-4
that,0.0023741690408357074
faster,0.0014615351383976134
function,6.114349821708361E-4
than,0.002245624989162307
datanum,0.003985968259578557
stringlisthashmapkeyset,0.0016547514956258313
terrible,8.905359626561728E-4
all,0.003798670465337132
always,6.114349821708361E-4
new,0.017094017094017096
overkill,9.964920648946392E-4
elaboratepedantic,0.0016547514956258313
read,6.114349821708361E-4
tojson,0.0019929841297892784
void,0.012345679012345678
already,0.0011228124945811535
below,6.67362349529043E-4
outgoingincrementdatai,0.0016547514956258313
changed++,0.0033095029912516625
sort,0.0032158540941309506
fill,8.905359626561728E-4
throws,6.67362349529043E-4
separator,8.039635235327377E-4
<b>shuffle<b>,9.964920648946392E-4
stringcount,0.00530248712104094
entry,0.0066736234952904285
entries,0.008675710543877557
expand,9.964920648946392E-4
null,0.01282051282051282
intlist,0.0019929841297892784
improve,8.039635235327377E-4
lists,0.0016079270470654753
were,0.001334724699058086
true,0.0014245014245014246
no,5.614062472905768E-4
code,6.67362349529043E-4
removeindex,0.0019929841297892784
<b>arraylist<b>,9.964920648946392E-4
cause,8.039635235327377E-4
stringlistmethod,0.023166520938761634
indexstring,0.0016547514956258313
running,0.0016079270470654753
times,0.0011330932388983338
toarraynull,9.964920648946392E-4
index+valueslength,9.964920648946392E-4
and,0.004273504273504274
hasvaluestring,0.0016547514956258313
systemoutformatd,9.964920648946392E-4
tsv,8.905359626561728E-4
of,0.012345679012345678
working,6.67362349529043E-4
harder,0.001325621780260235
make,0.003653837845994033
allocated,0.002411890570598213
on,0.0010322995033139883
sketchrandomnum,9.964920648946392E-4
or,4.748338081671415E-4
<b>sort<b>,0.0019929841297892784
otostring,0.0016547514956258313
specific,9.964920648946392E-4
hasvaluevalue,9.964920648946392E-4
writer,0.0014615351383976134
sketch,0.002245624989162307
dataint,0.0019929841297892784
sized,9.964920648946392E-4
maintain,8.039635235327377E-4
upper,0.0029894761946839175
iterable,0.0029894761946839175
data++index,9.964920648946392E-4
iterator,9.964920648946392E-4
indexvalue,9.964920648946392E-4
element,0.0017810719253123456
suppresswarningsunused,0.005115372984391647
using,0.0011228124945811535
separately,8.905359626561728E-4
appendstringlist,0.0016547514956258313
old,6.114349821708361E-4
javautiliterator,8.905359626561728E-4
stringliststring,0.0016547514956258313
then,0.0012228699643416722
each,0.0024457399286833444
something,0.0017810719253123456
dictionary,0.0017810719253123456
unique,9.964920648946392E-4
writerflush,8.905359626561728E-4
getclassgetsimplename,9.964920648946392E-4
items,0.0012228699643416722
arrayindexoutofboundsexceptionno,0.0029894761946839175
pappletexpanddata,0.0029894761946839175
frequently,8.905359626561728E-4
pushstring,0.0016547514956258313
javautilarrays,8.905359626561728E-4
anyway,0.0017810719253123456
sb,6.114349821708361E-4
setint,8.039635235327377E-4
datacount++,9.964920648946392E-4
pop,0.0021923027075964204
into,0.0011228124945811535
tabdelimited,9.964920648946392E-4
current,0.0012228699643416722
found,5.161497516569942E-4
runtimeexceptioncant,9.964920648946392E-4
are,0.0023741690408357074
appendvalue,0.0019929841297892784
sn,0.0016547514956258313
so,0.0010322995033139883
modifying,9.964920648946392E-4
arraystring,0.0016547514956258313
though,0.0014615351383976134
index++,0.0011330932388983338
one,5.614062472905768E-4
stringlist,0.010230745968783294
replaced,0.0019929841297892784
store,0.001334724699058086
stay,0.0016547514956258313
call,6.114349821708361E-4
such,8.039635235327377E-4
shufflepapplet,9.964920648946392E-4
sbtostring,8.039635235327377E-4
dataii,0.0019929841297892784
to,0.012345679012345678
stringbuilder,0.0016079270470654753
but,0.003798670465337132
available,8.905359626561728E-4
processingdata,8.905359626561728E-4
cant,0.001334724699058086
run,6.114349821708361E-4
inside,5.161497516569942E-4
iterable<string>,0.0016547514956258313
features,8.039635235327377E-4
listlength,0.0011330932388983338
associating,0.0016547514956258313
javaiofile,8.039635235327377E-4
loop,0.0020020870485871287
things,8.905359626561728E-4
has,0.0011228124945811535
up,7.307675691988067E-4
those,8.039635235327377E-4
actual,5.614062472905768E-4
systemarraycopydata,0.00996492064894639
nowebref,0.0029230702767952268
intlength,0.001325621780260235
systemarraycopy,0.0022661864777966676
this,0.0052231718898385565
appendstring,0.00265124356052047
<b>null<b>,0.0011330932388983338
dataitouppercase,0.0016547514956258313
converted,0.0011330932388983338
crop,0.0019929841297892784
changed,0.0016079270470654753
implements,6.67362349529043E-4
next,7.307675691988067E-4
import,0.002849002849002849
string,0.018518518518518517
needed,8.905359626561728E-4
changes,6.67362349529043E-4
floatlist,0.0019929841297892784
proper,7.307675691988067E-4
simplicity,9.964920648946392E-4
negative,7.307675691988067E-4
not,0.0014245014245014246
size=,9.964920648946392E-4
<b>string<b>,0.001325621780260235
datalength,0.01195790477873567
illegalargumentexceptioninsert,0.0019929841297892784
start,0.002245624989162307
was,0.0020645990066279767
what,0.002245624989162307
stringlistiterable<string>,0.0016547514956258313
tostring,9.964920648946392E-4
aborted,0.001325621780260235
deprecated,0.0016079270470654753
iterator<string>,0.0016547514956258313
getorder,0.0016547514956258313
randomize,0.0029894761946839175
case,0.0032158540941309506
attempts,8.039635235327377E-4
sortreverse,9.964920648946392E-4
efficiency,0.0019929841297892784
item,9.964920648946392E-4
still,0.0014615351383976134
toarrayarray,0.0011330932388983338
listvalues,0.0019929841297892784
matches,0.0016079270470654753
exist,6.67362349529043E-4
itself,0.0018343049465125083
versions,7.307675691988067E-4
getunique,0.0016547514956258313
internal,6.67362349529043E-4
<b>listcopysort<b>,9.964920648946392E-4
randomseed,0.0019929841297892784
removevaluestring,0.0016547514956258313
nonnull,0.001325621780260235
specified,0.0036686098930250165
out,6.67362349529043E-4
leak,0.001325621780260235
get,0.0030968985099419652
believed,0.0022661864777966676
copy,0.0033238366571699905
place,0.0015484492549709826
intcount,0.0017810719253123456
efficient,8.905359626561728E-4
more,0.001899335232668566
reverse,0.006233751738593209
elements,0.0014615351383976134
arraylength,8.905359626561728E-4
cannot,7.307675691988067E-4
stringlistobject,0.0016547514956258313
choice,8.039635235327377E-4
pappletsubsetdata,9.964920648946392E-4
first,0.0020645990066279767
<<,0.0016079270470654753
small,8.039635235327377E-4
||,0.0010322995033139883
insertint,0.003985968259578557
data,0.011617264661245885
dataii++,0.0019929841297892784
num,0.005338898796232344
i++,0.012350937440392689
replace,0.001334724699058086
used,0.0011228124945811535
systemarraycopylist,0.0011330932388983338
datavalue,0.003985968259578557
only,5.614062472905768E-4
create,0.0020645990066279767
datacomposite,0.001325621780260235
from,0.005698005698005698
==,0.00949667616334283
package,4.748338081671415E-4
like,8.905359626561728E-4
format,0.001334724699058086
particular,0.003613048261598959
iterating,8.905359626561728E-4
keep,0.0011330932388983338
count++,0.0019929841297892784
seems,8.905359626561728E-4
>=,0.005338898796232344
javautilrandom,9.964920648946392E-4
tempjoin,0.0016547514956258313
instances,9.964920648946392E-4
line,6.114349821708361E-4
part,0.0010322995033139883
values,0.008421093709358651
arraysfilldata,9.964920648946392E-4
public,0.029914529914529916
array,0.010394394696904214
sbappenddatai,9.964920648946392E-4
alias,9.964920648946392E-4
dataitolowercase,0.0016547514956258313
itll,8.039635235327377E-4
designed,9.964920648946392E-4
insertindex,0.0019929841297892784
value,0.021400224375979264
temp,0.015157968676845572
debug,9.964920648946392E-4
will,0.0023741690408357074
clear,0.0016079270470654753
match,8.039635235327377E-4
allowing,8.905359626561728E-4
iterator<>,9.964920648946392E-4
int,0.02890438609279167
boolean,0.0014245014245014246
<b>reverse<b>,0.001325621780260235
toarray,0.0019929841297892784