exception,0.0059200789343857915
parent,0.0013867440632542324
processingcorepapplet,4.93339911198816E-4
connsetusecachesfalse,0.0010353292001322695
bad,6.933720316271162E-4
unavailable,0.0010353292001322695
upload,0.0010353292001322695
your,0.0013867440632542324
sketchbook,0.0020801160948813483
without,0.002773488126508465
via,6.933720316271162E-4
basegetactiveeditor,0.0010353292001322695
properly,6.933720316271162E-4
path,0.0014800197335964479
messagesshowerrorcannot,0.0010353292001322695
?œDont,0.0010353292001322695
fix,0.002070658400264539
would,6.933720316271162E-4
rootcanwrite,0.0010353292001322695
complex,6.933720316271162E-4
javaawteventqueue,6.933720316271162E-4
outclose,0.0010353292001322695
runtimeexception,0.0034668601581355806
because,0.0013867440632542324
ioexception,0.00554697625301693
propsfileexists,0.0010353292001322695
you,0.0020801160948813483
happen,0.0010353292001322695
successfully,0.002070658400264539
ad,0.003105987600396808
sure,9.86679822397632E-4
prevdone,0.004141316800529078
meanwhile,0.0010353292001322695
preprocessing,0.0010353292001322695
downloadurl,0.006211975200793616
processingappmessages,0.0010353292001322695
+,0.011346817957572768
adgetname,0.005176646000661347
nosuchmethoderror,0.0010353292001322695
interpolatecontriberrorsdownloadandinstall,0.0010353292001322695
an,0.0014800197335964479
click,0.002070658400264539
version,0.0013867440632542324
whose,0.0010353292001322695
contrib,0.008282633601058156
as,0.001973359644795264
at,9.86679822397632E-4
folder,0.005426739023186976
size,6.933720316271162E-4
left,6.933720316271162E-4
downloadprogress,0.002070658400264539
icky,0.0010353292001322695
processingappplatform,0.0010353292001322695
filetypefolder,0.0010353292001322695
happening,0.0010353292001322695
returns,0.001973359644795264
contribtypeequalsignorecasetools,0.0010353292001322695
<,4.93339911198816E-4
recompiled,0.0010353292001322695
=,0.05278737049827331
>,0.006240348284644045
boston,6.933720316271162E-4
outwriteb,0.002070658400264539
pappletjavaplatform,0.0010353292001322695
deletes,0.002070658400264539
providing,0.0010353292001322695
be,0.005426739023186976
javautil,0.0010353292001322695
statusseterrormessagelanguagetextcontriberrorstemporarydirectory,0.0010353292001322695
languageinterpolatearg,0.0010353292001322695
example,0.0010353292001322695
?œOk??,0.0010353292001322695
openupdates,0.0010353292001322695
see,0.0013867440632542324
statusseterrormessagelanguage,0.002070658400264539
contribtype,0.0010353292001322695
updatetheme,0.0010353292001322695
blocking,0.0010353292001322695
by,9.86679822397632E-4
deletetempbasegetsketchbooktoolsfolder,0.0010353292001322695
installpreviouslyfailed,0.0010353292001322695
after,0.0013867440632542324
basesetupdatesavailablelistingcountupdatesbase,0.003105987600396808
listing,0.002070658400264539
panel,0.0010353292001322695
propsgetname,0.0010353292001322695
a,0.00986679822397632
b,0.0010353292001322695
c,0.002773488126508465
libfile,0.0010353292001322695
set,0.0013867440632542324
d,6.933720316271162E-4
e,0.009373458312777503
f,0.0010353292001322695
throwable,0.0020801160948813483
availablecontriblink,0.0010353292001322695
i,0.0014800197335964479
possible,0.0020801160948813483
procedure,0.0010353292001322695
downloadandinstallonimportfinal,0.0010353292001322695
l,0.002070658400264539
gnu,0.0020801160948813483
andor,6.933720316271162E-4
the,0.033547113961519485
todo,0.00554697625301693
managerframe,0.004141316800529078
rootcanread,0.0010353292001322695
installprogressstarttasklanguagetextcontribprogressinstalling,0.0010353292001322695
list<string>,0.002070658400264539
suite,6.933720316271162E-4
editorgettextareaseteditabletrue,0.0010353292001322695
throw,0.002773488126508465
conngetcontentlength,0.0010353292001322695
information,0.0010353292001322695
librariesproperties,0.0010353292001322695
under,6.933720316271162E-4
systemoutprintlnfile,0.0010353292001322695
opentools,0.0010353292001322695
urlnewlocation,0.0010353292001322695
correct,0.0010353292001322695
moved,6.933720316271162E-4
sometimes,6.933720316271162E-4
contribimportprogressinstall,0.0010353292001322695
ben,6.933720316271162E-4
do,4.93339911198816E-4
good,6.933720316271162E-4
whats,0.0010353292001322695
post,0.004853604221389813
listingadvertisedcontributions,0.002070658400264539
fitness,6.933720316271162E-4
startup,0.002070658400264539
useless,0.0010353292001322695
area,0.0010353292001322695
needs,0.002070658400264539
folderlist,0.006211975200793616
static,0.011346817957572768
need,4.93339911198816E-4
javaio,0.0010353292001322695
eprintstacktrace,0.004853604221389813
its,0.00246669955599408
contribimportprogressdone,0.0010353292001322695
contributionmanager,0.0010353292001322695
often,0.0010353292001322695
check,6.933720316271162E-4
list,0.0034668601581355806
managerframebase,0.0010353292001322695
users,0.0010353292001322695
cleanupfinal,0.0010353292001322695
orgprocessingfour??,0.0010353292001322695
never,0.0010353292001322695
httpurlconnectionsetfollowredirectstrue,0.0010353292001322695
installprogress,0.0010353292001322695
success,0.003105987600396808
fileoutputstreamdest,0.0010353292001322695
final,0.006413418845584608
http,0.002070658400264539
?†’,0.002070658400264539
useful,6.933720316271162E-4
cgetnameequalspropsgetname,0.0010353292001322695
some,4.93339911198816E-4
editorstatusnoticestatus,0.002070658400264539
private,0.003946719289590528
processingappbase,0.0010353292001322695
contribinstallbase,0.0010353292001322695
sources,0.0010353292001322695
importance,0.0010353292001322695
for,0.013813517513566848
directory,6.933720316271162E-4
remove,6.933720316271162E-4
uninstalled,0.0010353292001322695
platformdeletefilef,0.0010353292001322695
previously,0.002070658400264539
root,0.004853604221389813
class,4.93339911198816E-4
just,4.93339911198816E-4
cleanupbase,0.0010353292001322695
over,0.0010353292001322695
exceptionprintstacktrace,0.0010353292001322695
blocks,0.0010353292001322695
false,0.004440059200789344
clearrestartflagsbasegetsketchbookmodesfolder,0.0010353292001322695
rootlistfilesfileisdirectory,0.0010353292001322695
deleteflaggedbasegetsketchbooklibrariesfolder,0.0010353292001322695
instanceof,0.004853604221389813
forum,0.0010353292001322695
contribdir,0.0010353292001322695
fileparentfolder,0.0010353292001322695
modify,0.0013867440632542324
with,0.004160232189762697
print,0.0010353292001322695
there,9.86679822397632E-4
sourceopenconnection,0.0010353292001322695
installonstartupbase,0.002070658400264539
avoid,4.93339911198816E-4
progresssetprogresstotal,0.0010353292001322695
happens,0.0010353292001322695
platformdeletefilefolder,0.002070658400264539
slightly,0.0010353292001322695
tries,0.0010353292001322695
copyright,0.0013867440632542324
irrelevant,0.0010353292001322695
modes,0.0010353292001322695
triggered,0.0010353292001322695
called,0.0020801160948813483
stringdict,0.002070658400264539
indeterminate,0.0010353292001322695
newlocation,0.0010353292001322695
managerframeshowframenull,0.0010353292001322695
hope,6.933720316271162E-4
occurs,0.0010353292001322695
utilities,0.0010353292001322695
causeprintstacktrace,0.002070658400264539
tracking,0.0010353292001322695
doesnt,4.93339911198816E-4
connsetrequestmethodpost,0.0010353292001322695
contribimportprogressdownload,0.0010353292001322695
else,0.006906758756783424
tmp,0.002070658400264539
connconnect,0.0010353292001322695
warranty,0.0013867440632542324
deleteflaggedbasegetsketchbookmodesfolder,0.0010353292001322695
https,0.0010353292001322695
usually,0.0010353292001322695
deleteflaggedbasegetsketchbooktoolsfolder,0.0010353292001322695
if,0.028120374938332512
write,0.0013867440632542324
went,0.0010353292001322695
im,0.0010353292001322695
in,0.00493339911198816
byte,0.002070658400264539
made,0.0010353292001322695
nothing,6.933720316271162E-4
wtf,0.0010353292001322695
distributed,6.933720316271162E-4
handle,0.0013867440632542324
is,0.009373458312777503
being,6.933720316271162E-4
it,0.0029600394671928957
forth,0.0010353292001322695
fry,0.0020801160948813483
conngetinputstream,0.0010353292001322695
utilreadsettingsnew,0.0010353292001322695
progressiscanceled,0.0010353292001322695
system,6.933720316271162E-4
downloadprogresscancel,0.002070658400264539
even,6.933720316271162E-4
install,0.007247304400925886
asks,0.0010353292001322695
binary,0.0010353292001322695
messages,0.0010353292001322695
unsupportedclassversionerror,0.0010353292001322695
updatecontribslistaddcontrib,0.0010353292001322695
status,0.006211975200793616
thats,0.0010353292001322695
other,4.93339911198816E-4
systemoutprintln,0.0010353292001322695
save,0.0010353292001322695
foldername,0.003105987600396808
jv,0.005176646000661347
openlibraries,0.0010353292001322695
local,6.933720316271162E-4
file,0.015786877158362113
installpreviouslyfailedbase,0.002070658400264539
javalangreflectinvocationtargetexception,0.0010353292001322695
library,6.933720316271162E-4
theres,0.0010353292001322695
have,0.0014800197335964479
everything,0.0010353292001322695
macos,0.0013867440632542324
systemcurrenttimemillis,0.004141316800529078
conngetheaderfieldlocation,0.0010353292001322695
allow??,0.0010353292001322695
may,9.86679822397632E-4
could,4.93339911198816E-4
utilremovedirfolder,0.0010353292001322695
change,6.933720316271162E-4
gzip,0.0010353292001322695
pathsubstringlastseparator,0.0010353292001322695
url,0.006240348284644045
contributionlistinggetinstance,0.0010353292001322695
getname,0.0010353292001322695
+=,0.002070658400264539
basegetsketchbooktoolsfolder,0.0010353292001322695
disable,0.0010353292001322695
exceptionplease,0.0010353292001322695
arraylist<>,0.0013867440632542324
downloadprogressisexception,0.0010353292001322695
languagetextcontribunsupportedoperatingsystem,0.0010353292001322695
return,0.00493339911198816
usa,6.933720316271162E-4
malformedurlexception,0.002070658400264539
use,0.0014800197335964479
managerframeupdatetheme,0.0010353292001322695
updatecontribsnames,0.0010353292001322695
while,0.001973359644795264
mode,0.0014800197335964479
reas,6.933720316271162E-4
that,0.003946719289590528
download,0.006211975200793616
ma,6.933720316271162E-4
downloading,0.0010353292001322695
whether,6.933720316271162E-4
function,0.004141316800529078
installerstart,0.002070658400264539
conngetresponsecode,0.0010353292001322695
all,0.00246669955599408
contribname,0.002070658400264539
new,0.007893438579181056
read,0.0010353292001322695
void,0.008880118401578688
rootlistfilesfolder,0.002070658400264539
already,0.0014800197335964479
below,6.933720316271162E-4
filedelete,0.0010353292001322695
prompted,0.0010353292001322695
throws,0.004141316800529078
connsetrequestpropertycontenttype,0.0010353292001322695
contribdirisdirectory,0.0010353292001322695
plus,6.933720316271162E-4
tool,0.002070658400264539
license,0.0020801160948813483
entries,0.0013867440632542324
null,0.01726689689195856
were,9.86679822397632E-4
true,0.0014800197335964479
try,0.007893438579181056
backupfolderforlibexists,0.0010353292001322695
modeproperties,0.0010353292001322695
code,6.933720316271162E-4
contribzipdelete,0.003105987600396808
interfering,0.0010353292001322695
pathlastindexoffileseparatorchar,0.0010353292001322695
systemerrprintlnlanguageinterpolateargcontribgetname,0.0010353292001322695
cause,0.006933720316271161
installprogressfinished,0.0010353292001322695
progressfinished,0.0010353292001322695
delete,0.0010353292001322695
autoupdate,0.0010353292001322695
rootlistfiles,0.0010353292001322695
total,0.002070658400264539
flagged,0.002070658400264539
and,0.008386778490379871
of,0.00740009866798224
make,4.93339911198816E-4
on,0.001973359644795264
processingappcontrib,0.0010353292001322695
console,0.002070658400264539
or,0.0014800197335964479
eventqueueinvokeandwait,0.004141316800529078
nonblocking,0.002070658400264539
contribstartuperrorstempdir,0.002070658400264539
thread,0.002773488126508465
any,0.0013867440632542324
lastseparator,0.002070658400264539
urlcontriblink,0.0010353292001322695
merchantability,6.933720316271162E-4
redirects,0.002070658400264539
?œtccutil,0.0010353292001322695
until,6.933720316271162E-4
sketch,4.93339911198816E-4
properties,0.0010353292001322695
utilreadsettingspropsfile,0.0010353292001322695
updatecontribsnamesaddname,0.0010353292001322695
about,0.0013867440632542324
fileoutputstream,0.0010353292001322695
invocationtargetexception,0.003105987600396808
folderisdirectory,0.002070658400264539
ssl,0.0010353292001322695
nil,6.933720316271162E-4
processingappuieditor,0.0010353292001322695
accessing,0.0010353292001322695
availablecontribgetname,0.002070658400264539
contribution,0.017600596402248578
java,9.86679822397632E-4
installonstartupfinal,0.0010353292001322695
let,0.0013867440632542324
press,0.0010353292001322695
noclassdeffounderror,0.0010353292001322695
parentfolder,0.0010353292001322695
contribzipsetwritabletrue,0.002070658400264539
received,6.933720316271162E-4
completed,0.0010353292001322695
then,0.0013867440632542324
something,6.933720316271162E-4
downloadandinstallonstartupfinal,0.0010353292001322695
contributionlisting,0.0010353292001322695
filename,0.00740009866798224
installer,0.004141316800529078
getuniquenamefile,0.0010353292001322695
downloadprogressiscanceled,0.0010353292001322695
consistently,0.0010353292001322695
processing,0.004440059200789344
adinstallbase,0.002070658400264539
cgetnamecreatenewfile,0.0010353292001322695
must,0.002070658400264539
modestools,0.0010353292001322695
contribgetname,0.002070658400264539
markedforupdate,0.003105987600396808
access,0.005176646000661347
swingworker,0.004141316800529078
clearrestartflagsbasegetsketchbooktoolsfolder,0.0010353292001322695
contribstartuperrorsdownloadinstall,0.002070658400264539
contribzip,0.010353292001322694
downloadandinstallfinal,0.0010353292001322695
long,0.004141316800529078
moment,0.0010353292001322695
default,6.933720316271162E-4
installedliblist,0.002070658400264539
are,4.93339911198816E-4
toolproperties,0.0010353292001322695
does,0.0013867440632542324
arg,0.008282633601058156
where,4.93339911198816E-4
free,0.0020801160948813483
so,0.004160232189762697
deletetempbasegetsketchbookmodesfolder,0.0010353292001322695
modifying,0.0010353292001322695
implied,6.933720316271162E-4
connsetdoinputtrue,0.0010353292001322695
connsetrequestpropertycontentencoding,0.0010353292001322695
necessary,6.933720316271162E-4
cgettype,0.0010353292001322695
one,6.933720316271162E-4
started,0.002070658400264539
systemerrprintlnlanguageinterpolatearg,0.004141316800529078
platformismacos,0.0010353292001322695
stringvalueofpostlength,0.0010353292001322695
conngetoutputstreamwritepost,0.0010353292001322695
call,0.0020801160948813483
such,0.003105987600396808
bug,0.0010353292001322695
processingapputil,0.0010353292001322695
rootlistfilesfileisfile,0.0010353292001322695
managerframeshowframecontributiontypelibrary,0.0010353292001322695
parentfilename,0.0010353292001322695
progress,0.011388621201454962
quit,0.0010353292001322695
to,0.01726689689195856
open,0.002070658400264539
availablecontribution,0.009317962801190424
connsetdooutputtrue,0.0010353292001322695
but,0.001973359644795264
folders,0.003105987600396808
lib,0.0010353292001322695
contribtypeequalsignorecasemodes,0.0010353292001322695
documents,0.004141316800529078
editorstatusnoticelanguageinterpolateargcontribname,0.002070658400264539
markedfordeletion,0.003105987600396808
localcontributionisupdateflaggedfolder,0.0010353292001322695
project,6.933720316271162E-4
run,0.001973359644795264
source,0.0013867440632542324
dest,0.003105987600396808
cbasicoffset,6.933720316271162E-4
sockettimeoutexception,0.0010353292001322695
ui,0.0010353292001322695
continue,0.0010353292001322695
pathtohelpfullibzip,0.0010353292001322695
details,6.933720316271162E-4
statuspanel,0.0010353292001322695
has,9.86679822397632E-4
up,9.86679822397632E-4
modestoolslibs,0.0010353292001322695
this,0.008880118401578688
wont,0.0010353292001322695
downloaded,0.004141316800529078
look,0.0010353292001322695
checks,0.0010353292001322695
connsetrequestpropertycontentlength,0.0010353292001322695
name,0.001973359644795264
know,0.002070658400264539
cgetname,0.0010353292001322695
localcontributionisdeletionflaggedfolder,0.0010353292001322695
next,9.86679822397632E-4
installed,0.006211975200793616
reasons,0.0010353292001322695
import,0.006413418845584608
string,0.0123334977799704
idea,6.933720316271162E-4
needed,0.0010353292001322695
show,0.0034668601581355806
httpurlconnection,0.002070658400264539
update,0.002070658400264539
editorgetstatusmessage,0.0010353292001322695
updates,0.004141316800529078
anything,0.002070658400264539
contribgettype,0.0010353292001322695
installprogresscancel,0.002070658400264539
not,0.00740009866798224
central,0.0010353292001322695
statusmsg,0.002070658400264539
param,0.00554697625301693
now,0.0010353292001322695
wonder,0.0010353292001322695
languagetextcontriberrorsmalformedurl,0.0010353292001322695
statusseterrormessagemsg,0.0010353292001322695
availablecontrib,0.002070658400264539
list<availablecontribution>,0.002070658400264539
previous,0.003105987600396808
libraries,0.003105987600396808
was,0.0014800197335964479
casey,6.933720316271162E-4
utilremovedirf,0.0010353292001322695
yet,0.002070658400264539
languageinterpolatecontriberrorsdownloadandinstall,0.0010353292001322695
localcontribution,0.003105987600396808
messagesshowwarninglanguageinterpolatecontriberrorsupdateonrestartfailed,0.002070658400264539
systemerrprintlnlanguageinterpolatecontribimporterrorslink,0.0010353292001322695
deleteflaggedfile,0.0010353292001322695
removal,0.0010353292001322695
location,0.0013867440632542324
readwrite,0.0010353292001322695
time,0.0014800197335964479
window,0.002773488126508465
applications,0.0010353292001322695
base,0.014494608801851772
conn,0.0010353292001322695
managerframeshowframecontributiontypemode,0.0010353292001322695
deletetempfile,0.0010353292001322695
software,0.0020801160948813483
filegetnameequalscontribgetname,0.0010353292001322695
whole,6.933720316271162E-4
during,0.003105987600396808
fgetnamematchespattern,0.0010353292001322695
program,0.003105987600396808
libfilegetpath,0.0010353292001322695
type,0.0013867440632542324
when,0.00554697625301693
required,0.0010353292001322695
linkedlist<>,0.0010353292001322695
editorgettextareaseteditablefalse,0.0010353292001322695
feedback,0.0010353292001322695
compatible,0.0010353292001322695
problem,0.003105987600396808
httpsprocessingorg,0.0010353292001322695
deletion,0.0010353292001322695
terms,6.933720316271162E-4
urlgetfile,0.003105987600396808
permissions,0.0010353292001322695
connection,0.0010353292001322695
catch,0.009373458312777503
urlavailablecontriblink,0.0010353292001322695
contributiontypelibrary,0.0010353292001322695
inreadb,0.002070658400264539
give,0.0010353292001322695
listingreplacecontributionad,0.002070658400264539
item,0.0010353292001322695
arise,0.0010353292001322695
work,0.0010353292001322695
processingapplanguage,0.0010353292001322695
helpfullib,0.0010353292001322695
systemoutprintlnlanguagetextcontribimportprogressfinallist,0.0010353292001322695
connsetrequestmethodget,0.0010353292001322695
getfilenamefile,0.0010353292001322695
installs,0.002070658400264539
ifelse,0.0010353292001322695
props,0.004141316800529078
exist,0.001973359644795264
managerframeshowframecontributiontypetool,0.0010353292001322695
examples,0.0010353292001322695
updateflaggedbase,0.003105987600396808
egetcause,0.004141316800529078
reset,0.0010353292001322695
filecontribdir,0.0010353292001322695
requires,0.0010353292001322695
propsfile,0.0010353292001322695
utilgzipencodepost,0.0010353292001322695
extension,0.0010353292001322695
filecreatetempfiledownload,0.003105987600396808
redistribute,6.933720316271162E-4
?œpermissions??,0.0010353292001322695
direct,0.0010353292001322695
flags,0.0010353292001322695
pattern,0.0010353292001322695
rootgetname,0.0010353292001322695
filesize,0.003105987600396808
foundation,0.0020801160948813483
systemerrprintlncould,0.002070658400264539
tools,0.0010353292001322695
out,4.93339911198816E-4
downloadprogressgetexception,0.0010353292001322695
contribzipexists,0.0010353292001322695
disallow,0.0010353292001322695
get,0.003105987600396808
installation,0.002070658400264539
copy,6.933720316271162E-4
place,0.0013867440632542324
openexamples,0.0010353292001322695
editor,0.003105987600396808
interpolatecontriberrorscontribdownloadtimeout,0.0010353292001322695
cgettypegetsketchbookfolder,0.0010353292001322695
processingdatastringdict,0.0010353292001322695
handleupdatefailedmarkersad,0.0010353292001322695
filenamelastindexof,0.0010353292001322695
restart,0.0013867440632542324
updatecontribsnamescontainscontribgetname,0.0010353292001322695
applicationxwwwformurlencoded,0.0010353292001322695
more,9.86679822397632E-4
installedliblistaddcontribname,0.0010353292001322695
handleupdatefailedmarkersfinal,0.0010353292001322695
filefolder,0.0010353292001322695
baserefreshcontribscontributiongettype,0.003105987600396808
help,0.0010353292001322695
forcing,0.0010353292001322695
localcontributionclearrestartflagfolder,0.0010353292001322695
installlist,0.003105987600396808
exists,0.0010353292001322695
runs,0.0010353292001322695
typefolder,0.002070658400264539
stuff,0.0010353292001322695
msg,0.005176646000661347
progressstarttasklanguagetextcontribprogressdownloading,0.0010353292001322695
||,9.86679822397632E-4
systemoutprintlncontributionmanagerinit,0.0010353292001322695
progresssetexceptionioe,0.0010353292001322695
data,0.0013867440632542324
interruptedexception,0.0020801160948813483
urlencoded,0.0010353292001322695
basegetsketchbookmodesfolder,0.002070658400264539
contribprogress,0.003105987600396808
i++,4.93339911198816E-4
replace,0.002070658400264539
begun,0.0010353292001322695
contributionmanagerdownloadandinstallonstartupbase,0.0010353292001322695
rootgetnamesubstringrootgetnamelastindexof,0.0010353292001322695
used,9.86679822397632E-4
protocol,0.0010353292001322695
inputstream,6.933720316271162E-4
editorstatusempty,0.0010353292001322695
availablecontributions,0.0010353292001322695
only,0.0013867440632542324
should,0.0020801160948813483
from,0.0014800197335964479
languageinterpolatecontribimportprogressdownload,0.0010353292001322695
==,0.0014800197335964479
marked,0.002070658400264539
otherwise,4.93339911198816E-4
fixing,0.0010353292001322695
imports,0.0010353292001322695
package,4.93339911198816E-4
backupfolderforlib,0.003105987600396808
like,4.93339911198816E-4
httpsdiscourseprocessingorg,0.0010353292001322695
particular,6.933720316271162E-4
failed,0.0010353292001322695
published,6.933720316271162E-4
done,0.002070658400264539
sent,0.0010353292001322695
most,6.933720316271162E-4
indenttabsmode,6.933720316271162E-4
blob,0.0010353292001322695
edt,0.0013867440632542324
marker,0.0010353292001322695
gzipped,0.0010353292001322695
safe,6.933720316271162E-4
files,6.933720316271162E-4
javanet,0.0010353292001322695
>=,0.002070658400264539
here,0.002773488126508465
lastdot,0.003105987600396808
purpose,6.933720316271162E-4
rootexists,0.0010353292001322695
unexpected,0.0010353292001322695
part,6.933720316271162E-4
link,0.0010353292001322695
openmodes,0.0010353292001322695
why,6.933720316271162E-4
listingreplacecontributioncontrib,0.003105987600396808
progresscancel,0.0010353292001322695
error,0.0013867440632542324
can,0.0013867440632542324
general,0.0020801160948813483
updatecontribslist,0.002070658400264539
security,0.0010353292001322695
trace,0.0010353292001322695
along,6.933720316271162E-4
public,0.006906758756783424
downloadnew,0.0010353292001322695
adds,0.0010353292001322695
inc,6.933720316271162E-4
managerframeshowframecontributiontypeexamples,0.0010353292001322695
cleaning,0.0010353292001322695
amount,0.006211975200793616
will,0.0029600394671928957
propfilename,0.004141316800529078
initbase,0.0010353292001322695
also,4.93339911198816E-4
outflush,0.0010353292001322695
terminal,0.0010353292001322695
clean,6.933720316271162E-4
clearrestartflagsfile,0.0010353292001322695
follow,0.0010353292001322695
instead,4.93339911198816E-4
int,0.003453379378391712
typefolderlistfiles,0.0010353292001322695
filenamesubstringfilenamelastindexof,0.003105987600396808
boolean,0.001973359644795264
response,0.003105987600396808
variable,0.0010353292001322695
temple,6.933720316271162E-4
slash,0.0010353292001322695
user,0.0029600394671928957
contribstartuperrorsnewmarker,0.0010353292001322695
ioe,0.0010353292001322695
progressmonitor,0.0010353292001322695