functions,1.2130719041154535E-4
numerous,3.007860046424996E-4
testfunctionint,3.007860046424996E-4
recognized,2.409597332321815E-4
descriptor,3.007860046424996E-4
your,3.237474084850509E-4
without,2.426143808230907E-4
these,6.64162135651945E-4
imperfect,2.0596360789917924E-4
protected,0.0012245691939864883
would,1.32832427130389E-4
audience,3.007860046424996E-4
thus,2.0596360789917924E-4
destinations,9.63838932928726E-4
lumright,0.0018047160278549974
require,1.8113346182186345E-4
+,0.02739576403253684
backwards,2.409597332321815E-4
size,7.77988478091012E-4
left,0.0024715632947901506
<,0.017756253312804084
=,0.06818574141204903
>,0.01247820759016233
much,1.6187370424252545E-4
object,8.443899873042177E-4
loaded<br,3.007860046424996E-4
blur,0.002891516798786178
example,1.8113346182186345E-4
tga,0.001445758399393089
youre,1.8113346182186345E-4
result,0.0030688840662660842
corners,4.119272157983585E-4
same,0.0011114121115585885
jpeg,5.434003854655903E-4
after,1.4613733648886115E-4
lights,4.119272157983585E-4
hand,2.0596360789917924E-4
a,0.011047816330053513
b,0.004124444473992542
c,0.001461156698434279
d,0.001899785374355195
sets,4.119272157983585E-4
checkalpha,7.228791996965445E-4
e,2.426143808230907E-4
blendburndestpixelsdestoffset,6.015720092849992E-4
kernel,6.015720092849992E-4
g,0.005149090197479481
h,0.003984936160080996
i,0.005306466507274784
j,7.245338472874538E-4
l,4.81919466464363E-4
m,3.237474084850509E-4
intersectint,3.007860046424996E-4
gnu,3.98497281391167E-4
o,0.002426143808230907
the,0.02900051786639047
component,1.6187370424252545E-4
r,0.004117805241042058
s,0.0020005418008054595
suite,1.32832427130389E-4
blue,8.23854431596717E-4
throw,0.0010204743283220737
intblurkernelsize,3.007860046424996E-4
w,0.005179958535760814
x,0.02937360463426109
y,0.027187196242691662
information,7.306866824443058E-4
z,2.0596360789917924E-4
returned,0.0014417452552942546
|,0.01634924412849507
>>>,0.025566810394612467
standard,2.0596360789917924E-4
imgpixels,2.409597332321815E-4
buildblurkernelr,9.023580139274987E-4
correct,0.0010298180394958962
mingn,3.007860046424996E-4
copyint,2.409597332321815E-4
compute,4.81919466464363E-4
tif,7.228791996965445E-4
besides,2.409597332321815E-4
copying,2.922746729777223E-4
export,2.409597332321815E-4
weighted,3.007860046424996E-4
others,3.622669236437269E-4
pixelwidth,0.012563780081849935
contributed,6.178908236975376E-4
erode,0.0012047986661609074
check,5.629266582028119E-4
list,9.382110970046863E-5
success,0.0012047986661609074
erosion,3.007860046424996E-4
<li>subtract,3.007860046424996E-4
<b>png<b>,4.81919466464363E-4
outgoing,4.081897313288295E-4
formats,5.434003854655903E-4
getset,6.015720092849992E-4
applied,6.178908236975376E-4
provided,1.8113346182186345E-4
remove,9.382110970046863E-5
pimagecopypimage,4.81919466464363E-4
destoffset,0.010527510162487486
blur<br,4.81919466464363E-4
provides,2.0596360789917924E-4
crossplatform,2.409597332321815E-4
hard,2.0596360789917924E-4
multiply,0.0021920600473329175
blendcolorint,2.409597332321815E-4
argb,0.0036226692364372693
outgoingpixels,2.409597332321815E-4
httpprocessingorg,1.4613733648886115E-4
blendmultiplydestpixelsdestoffset,6.015720092849992E-4
processing<p>,3.007860046424996E-4
better,6.474948169701018E-4
maxrowindex,0.0018047160278549974
with,0.0030208872777490073
pdf,2.0596360789917924E-4
there,2.0409486566441476E-4
pimagew,2.409597332321815E-4
blurkernelsize,0.0024062880371399967
syntax,1.8113346182186345E-4
well,5.845493459554446E-4
illustrator,0.0012357816473950753
taking,2.409597332321815E-4
srcw++,3.007860046424996E-4
channel,0.0032604023127935423
entire,3.237474084850509E-4
gains,2.409597332321815E-4
peg,3.007860046424996E-4
threshold<br,2.409597332321815E-4
<li>darkest,3.007860046424996E-4
block,4.119272157983585E-4
per,1.1114121115585886E-4
pimagepixels,7.228791996965445E-4
write,5.178663904712584E-4
order,2.222824223117177E-4
<b>srcimg<b>,2.409597332321815E-4
cll,6.015720092849992E-4
byte,0.0017806107466677799
clr,6.015720092849992E-4
interpolate,2.0596360789917924E-4
masks,7.228791996965445E-4
underlying,4.119272157983585E-4
blendpimage,2.409597332321815E-4
outputwriterle,6.015720092849992E-4
pathtolowercase,3.007860046424996E-4
even,3.7528443880187454E-4
transparency,1.8113346182186345E-4
blenddifferenceint,3.007860046424996E-4
thats,1.4613733648886115E-4
larger,3.237474084850509E-4
save,9.382110970046864E-4
guy,2.0596360789917924E-4
saveimplstring,3.007860046424996E-4
conjunction,2.0596360789917924E-4
top,3.237474084850509E-4
have,5.178663904712584E-4
<li><tt>alpha<tt>,3.007860046424996E-4
targetpixelwidth,2.409597332321815E-4
sourceimage,3.007860046424996E-4
blenddodgedestpixelsdestoffset,6.015720092849992E-4
linear,8.23854431596717E-4
pimg,3.007860046424996E-4
resizeint,1.4613733648886115E-4
inconsistent,2.0596360789917924E-4
produce,2.0596360789917924E-4
runtimeexceptionuse,0.001445758399393089
filternewscanline,0.0048125760742799934
intpixelwidth,3.007860046424996E-4
<b>setx,4.81919466464363E-4
col,0.004578234931411449
prevents,4.119272157983585E-4
shimawtsaveimagethis,3.007860046424996E-4
employed,2.409597332321815E-4
maxsrc,9.023580139274987E-4
sizeblocksize,3.007860046424996E-4
pin,6.015720092849992E-4
function,0.0021116830119613187
quite,2.0596360789917924E-4
cropped,0.0024062880371399967
realtime,4.81919466464363E-4
void,0.0031935094079060936
minsrc,9.023580139274987E-4
blurkernelradiusi,3.007860046424996E-4
guaranteed,2.409597332321815E-4
xywh,2.0596360789917924E-4
less,2.922746729777223E-4
affected,2.0596360789917924E-4
targa,0.0012047986661609074
condition,3.007860046424996E-4
were,1.2130719041154535E-4
<li>filtergray,2.409597332321815E-4
try,3.061422984966221E-4
basic,6.178908236975376E-4
tiff,0.0014417452552942546
units,8.23854431596717E-4
outgoingpixelsindex,9.023580139274987E-4
pixelsidxdown,6.015720092849992E-4
intended,2.0596360789917924E-4
burn,0.0020596360789917924
blendmultiply,6.015720092849992E-4
ri++,9.023580139274987E-4
comments,1.8113346182186345E-4
darker<br,2.0596360789917924E-4
performing,2.409597332321815E-4
rows,3.007860046424996E-4
merchantability,1.32832427130389E-4
idxright,0.0018047160278549974
isrle,0.0024062880371399967
sketch,4.081897313288295E-4
formerly,7.228791996965445E-4
renamed,6.015720092849992E-4
blocksize,0.0021055020324974973
filterint,4.81919466464363E-4
blurargbparam,3.007860046424996E-4
mousexblocksize,3.007860046424996E-4
blendoverlaydestpixelsdestoffset,6.015720092849992E-4
len,1.8113346182186345E-4
lesser,6.178908236975376E-4
<li>blend,3.007860046424996E-4
filtering,6.015720092849992E-4
defined,4.119272157983585E-4
afactor,8.23854431596717E-4
displayed,4.119272157983585E-4
separately,1.6187370424252545E-4
want,7.245338472874538E-4
havent,2.409597332321815E-4
png,7.245338472874538E-4
opposite,4.119272157983585E-4
lowerendswithtga,3.007860046424996E-4
each,4.445648446234354E-4
loadtgainputstream,3.007860046424996E-4
input,1.4613733648886115E-4
invert<br,2.409597332321815E-4
<p>it,3.007860046424996E-4
creating,1.8113346182186345E-4
difference,0.0020596360789917924
must,0.001461156698434279
cul,6.015720092849992E-4
savetgaoutputstream,3.007860046424996E-4
cur,6.015720092849992E-4
sourceoffset,9.023580139274987E-4
fixes,3.007860046424996E-4
two,6.178908236975376E-4
colors,0.0016187370424252546
anyway,1.6187370424252545E-4
setint,2.922746729777223E-4
thisheight,4.81919466464363E-4
found,1.8764221940093727E-4
nostroke,2.0596360789917924E-4
does,2.426143808230907E-4
rewritten,3.007860046424996E-4
pixelsx+yi,9.023580139274987E-4
limits,4.119272157983585E-4
dodge,0.0020596360789917924
implied,1.32832427130389E-4
<b>tga<b>,4.81919466464363E-4
entirely,2.0596360789917924E-4
upsidedown,3.007860046424996E-4
<b>pixelsywidth+x,2.409597332321815E-4
klingemann<a>,2.409597332321815E-4
fashion,2.0596360789917924E-4
bmij,3.007860046424996E-4
pimagefield,6.015720092849992E-4
needing,7.228791996965445E-4
<p>a,3.007860046424996E-4
source,0.002258151261216613
systemarraycopyoutgoing,6.015720092849992E-4
javaiofile,1.4613733648886115E-4
things,8.093685212126273E-4
<b>wide<b>,3.007860046424996E-4
has,8.16379462657659E-4
actual,1.0204743283220738E-4
given,3.622669236437269E-4
uncompressed,0.0012031440185699984
blurkernelradius+i,3.007860046424996E-4
minafactor,8.23854431596717E-4
fixed,2.409597332321815E-4
compatibility,2.409597332321815E-4
full,5.434003854655903E-4
luminance,0.001445758399393089
blurradius,0.002707074041782496
memory,2.0596360789917924E-4
systemarraycopytemp,3.007860046424996E-4
topleft,2.0596360789917924E-4
sourcewidth,0.0018047160278549974
updates,3.622669236437269E-4
tint,2.0596360789917924E-4
b<tt>,9.023580139274987E-4
pixelsidxup,6.015720092849992E-4
libraries,2.0596360789917924E-4
start,1.0204743283220738E-4
sourceindex,9.023580139274987E-4
yet,1.8113346182186345E-4
recopied,3.007860046424996E-4
generic,2.0596360789917924E-4
equal,2.0596360789917924E-4
colour,0.001927677865857452
readwrite,3.007860046424996E-4
intwh,0.0012031440185699984
applications,2.409597332321815E-4
infeasible,3.007860046424996E-4
program,1.32832427130389E-4
having,2.0596360789917924E-4
setmodified,3.007860046424996E-4
imgpixelheight,0.0012047986661609074
bmi=blurmultradiusi,3.007860046424996E-4
<b>imagemode<b><br,2.409597332321815E-4
sourceypixelwidth,3.007860046424996E-4
dynamically,2.0596360789917924E-4
pimagegetint,4.81919466464363E-4
pixelsindex,0.003007860046424996
light,0.0018536724710926133
targetheight,4.81919466464363E-4
requires,2.922746729777223E-4
srcupdatepixels,3.007860046424996E-4
redistribute,1.32832427130389E-4
methods,6.474948169701018E-4
initwidth,0.0018047160278549974
j++,4.119272157983585E-4
datatype,0.0010298180394958962
confusing,2.409597332321815E-4
means,1.8113346182186345E-4
efficient,3.237474084850509E-4
prevcol,3.007860046424996E-4
mathmaxpixelsi,6.015720092849992E-4
subtractive,4.119272157983585E-4
choice,1.4613733648886115E-4
clip,0.0010298180394958962
setimplpimage,3.007860046424996E-4
before,8.768240189331669E-4
replace,6.065359520577268E-4
rescale,3.007860046424996E-4
<li>filteropaque,2.409597332321815E-4
pappletalphaint,2.409597332321815E-4
keeps,2.409597332321815E-4
group,2.0596360789917924E-4
filterposterize,9.023580139274987E-4
idxleft,0.0018047160278549974
destw,0.011730654181057483
created,7.245338472874538E-4
format,0.006307973901400359
particular,9.382110970046863E-5
nullpointerexception,2.0596360789917924E-4
blendaddpindestpixelsdestoffset,6.015720092849992E-4
indenttabsmode,1.32832427130389E-4
twice,1.8113346182186345E-4
desth,0.011730654181057483
creates,1.8113346182186345E-4
dont,1.4613733648886115E-4
part,2.8146332910140593E-4
values,0.00234709095514077
their,1.4613733648886115E-4
point,1.8113346182186345E-4
setimplimg,3.007860046424996E-4
general,3.63921571234636E-4
werent,2.0596360789917924E-4
<b>imagemode<b>,6.178908236975376E-4
pappletminpixelheight,9.023580139274987E-4
ymi,0.003609432055709995
tones,4.81919466464363E-4
pappletcreateimageint,6.015720092849992E-4
process,0.0010298180394958962
temp,2.0409486566441476E-4
built,2.409597332321815E-4
lrclrgreenmask,3.007860046424996E-4
maskarray,6.015720092849992E-4
marking,6.015720092849992E-4
further,2.0596360789917924E-4
account,4.81919466464363E-4
been,0.0012949896339402036
lum,6.015720092849992E-4
areas,0.001647708863193434
path,0.001593989125564668
depending,2.0596360789917924E-4
you,0.0010204743283220737
soft,3.007860046424996E-4
pass,1.6187370424252545E-4
bm=blurmulti,6.015720092849992E-4
javaiofileoutputstream,3.007860046424996E-4
cbsum,9.023580139274987E-4
easy,8.23854431596717E-4
whose,2.0596360789917924E-4
<br>,9.056673091093173E-4
<li>overlay,3.007860046424996E-4
systemerrprintlnerror,2.0596360789917924E-4
saveimplpath,3.007860046424996E-4
dilate,0.001445758399393089
minsrcyoffset,3.007860046424996E-4
erode<br,2.409597332321815E-4
relative,1.4613733648886115E-4
specification<p>,3.007860046424996E-4
equivalents,2.409597332321815E-4
dgn,0.003609432055709995
clonenotsupportedexception,6.015720092849992E-4
transparent,6.178908236975376E-4
how,5.434003854655903E-4
papplet,5.845493459554446E-4
override,3.334236334675766E-4
mind,4.81919466464363E-4
href=httpincubatorquasimondocom>mario,2.409597332321815E-4
rbsub,0.0012031440185699984
pgraphicsalphaint,2.0596360789917924E-4
shimawtgetnativeimagethis,3.007860046424996E-4
possible,7.306866824443058E-4
right,4.3841200946658344E-4
noticeable,2.409597332321815E-4
updatepixels,0.0012047986661609074
inputreadheader,3.007860046424996E-4
calls,0.0010229613554220281
maximum,3.237474084850509E-4
suppresswarningsmanualminmaxcalculation,3.007860046424996E-4
compositing,3.007860046424996E-4
under,1.32832427130389E-4
compositing<br,3.007860046424996E-4
javaawtimage,2.0596360789917924E-4
pimagetargetwidth,3.007860046424996E-4
putting,2.0596360789917924E-4
added,5.845493459554446E-4
sometimes,5.434003854655903E-4
shifting,2.0596360789917924E-4
correctly,1.8113346182186345E-4
ignores,0.0012357816473950753
later,5.845493459554446E-4
adding,1.6187370424252545E-4
pappletcreatepathfile,3.007860046424996E-4
radius,0.0026775269026893304
possibly,3.007860046424996E-4
ignored,1.1114121115585886E-4
javaioioexception,3.007860046424996E-4
static,0.002959375552134014
moviemaker,3.007860046424996E-4
count,7.77988478091012E-4
illegalargumentexceptionmask,3.007860046424996E-4
final,0.0013134955358065608
confusion,2.409597332321815E-4
colours,4.81919466464363E-4
some,2.222824223117177E-4
rather,2.0596360789917924E-4
optimized,3.237474084850509E-4
additional,1.8113346182186345E-4
primarily,2.409597332321815E-4
alpha,0.006960569282428594
ignore,0.003187978251129336
runtimeexceptionimage,3.007860046424996E-4
just,3.061422984966221E-4
pixel,0.006158537701943358
length,2.426143808230907E-4
strictly,4.81919466464363E-4
gray<br,2.409597332321815E-4
webbrief,0.0021920600473329175
resize,7.245338472874538E-4
currchunkrle,6.015720092849992E-4
maskimgpixels,3.007860046424996E-4
append,1.4613733648886115E-4
filegetabsolutepath,2.0596360789917924E-4
convert,2.0596360789917924E-4
hope,2.65664854260778E-4
division,6.015720092849992E-4
<result,3.007860046424996E-4
usually,1.8113346182186345E-4
letters,2.0596360789917924E-4
init,3.237474084850509E-4
<b>loadimage<b>,4.81919466464363E-4
bits,0.0021736015418623612
<b>pixelsywidth+x<b>,2.409597332321815E-4
being,2.222824223117177E-4
filterinvert,6.015720092849992E-4
loading,3.622669236437269E-4
printed,2.0596360789917924E-4
blendscreendestpixelsdestoffset,6.015720092849992E-4
rbmask,0.011129082171772485
blevel,0.0012031440185699984
encoded,7.228791996965445E-4
extreme<br,2.0596360789917924E-4
imagepixels,0.0014417452552942546
targety,0.0024062880371399967
targetx,0.0021055020324974973
skip,1.8113346182186345E-4
<li>filterdilate,2.409597332321815E-4
saveframe,2.409597332321815E-4
bands,6.015720092849992E-4
lower<br,2.409597332321815E-4
blitresizegetsx,3.007860046424996E-4
getint,2.922746729777223E-4
file,9.382110970046864E-4
known,3.622669236437269E-4
together,6.178908236975376E-4
rectx,2.409597332321815E-4
blurmult,6.015720092849992E-4
may,0.0012949896339402036
max,4.3841200946658344E-4
within,1.6187370424252545E-4
could,9.382110970046863E-5
menu,1.8113346182186345E-4
+=,0.018596539798254458
able,1.6187370424252545E-4
return,0.0039703089936129815
radii,2.0596360789917924E-4
usa,1.32832427130389E-4
instance,2.0409486566441476E-4
use,0.003189917729815934
srcloadpixels,3.007860046424996E-4
blendlightestdestpixelsdestoffset,6.015720092849992E-4
integer,2.0596360789917924E-4
sketchs,2.0596360789917924E-4
solution,4.81919466464363E-4
drb,0.0018047160278549974
find,4.856211127275763E-4
outputflush,2.0596360789917924E-4
ulculgreenmask,3.007860046424996E-4
regardless,3.622669236437269E-4
jakub,3.007860046424996E-4
steps,4.119272157983585E-4
null,5.178663904712584E-4
ranges<br,2.409597332321815E-4
renderers,5.434003854655903E-4
true,9.494217158639738E-4
header,7.228791996965445E-4
applied<br,2.409597332321815E-4
colup,0.0012031440185699984
problems,4.119272157983585E-4
since,3.237474084850509E-4
bkbki,3.007860046424996E-4
pgraphicsshowexceptionmsg,3.007860046424996E-4
dst,0.01807197999241361
blend,0.003089454118487689
mess,1.6187370424252545E-4
format<br,2.409597332321815E-4
nitpicker,3.007860046424996E-4
println,2.409597332321815E-4
<p>for,3.007860046424996E-4
included,6.178908236975376E-4
make,0.00132832427130389
beta,1.4613733648886115E-4
alphamask,0.001503930023212498
blendsoftlightint,3.007860046424996E-4
bytes,4.119272157983585E-4
lohi,3.007860046424996E-4
ulculbluemask,3.007860046424996E-4
<li>add,3.007860046424996E-4
simplify,4.81919466464363E-4
writes,6.178908236975376E-4
<li>multiply,3.007860046424996E-4
blendblenddestpixelsdestoffset,6.015720092849992E-4
valtar,3.007860046424996E-4
parsing,2.409597332321815E-4
accessing,2.409597332321815E-4
sizes,2.0596360789917924E-4
meaning,4.119272157983585E-4
above,4.856211127275763E-4
drawing,2.0596360789917924E-4
blurmulti,0.0012031440185699984
absd,3.007860046424996E-4
height,0.006339671163765221
based,7.245338472874538E-4
bm=blurmultradius+i,3.007860046424996E-4
gnsub,0.0012031440185699984
received,1.32832427130389E-4
<li>filtererode,2.409597332321815E-4
execute,2.409597332321815E-4
filename,5.845493459554446E-4
highest,1.6187370424252545E-4
unique,3.622669236437269E-4
consistently,2.409597332321815E-4
processing,6.64162135651945E-4
except,2.0596360789917924E-4
components,3.622669236437269E-4
processingawtshimawt,2.409597332321815E-4
blurrgbparam,3.007860046424996E-4
dilate<br,2.409597332321815E-4
into,0.0014286640596509032
++fast,3.007860046424996E-4
min,1.6187370424252545E-4
precmaxval,0.0018047160278549974
intw,3.007860046424996E-4
free,3.98497281391167E-4
mix,0.0010298180394958962
moviemakerjava,3.007860046424996E-4
bother,1.8113346182186345E-4
middle,2.0596360789917924E-4
though,2.65664854260778E-4
blitresizebilinearpimage,3.007860046424996E-4
coordinates,4.119272157983585E-4
releases,1.8113346182186345E-4
actually,2.426143808230907E-4
rle++,0.0012031440185699984
increasing,4.81919466464363E-4
beginners,2.409597332321815E-4
operation,9.023580139274987E-4
treat,3.007860046424996E-4
folders,1.8113346182186345E-4
processingcore,1.8113346182186345E-4
numbers,6.178908236975376E-4
project,1.32832427130389E-4
cloneable,3.007860046424996E-4
inside,3.7528443880187454E-4
pappletimagemodeint,6.015720092849992E-4
cbasicoffset,1.32832427130389E-4
darker,7.228791996965445E-4
arent,1.6187370424252545E-4
loop,2.426143808230907E-4
glevel,0.0012031440185699984
<b>high<b>,2.409597332321815E-4
displaying,2.0596360789917924E-4
blurkernel,6.015720092849992E-4
nowebref,3.98497281391167E-4
blitresizesrc,6.015720092849992E-4
creategraphics,2.0596360789917924E-4
invert,9.63838932928726E-4
multiplies,4.119272157983585E-4
constructor,1.6187370424252545E-4
pixelsread,9.023580139274987E-4
wont,1.6187370424252545E-4
please,1.6187370424252545E-4
<b>new,4.81919466464363E-4
darken,3.007860046424996E-4
channels,6.015720092849992E-4
inputclose,2.0596360789917924E-4
subclasses,6.178908236975376E-4
pixelslength,0.00313247653201836
allow,3.622669236437269E-4
row++,2.409597332321815E-4
createimage,6.178908236975376E-4
installed,1.6187370424252545E-4
reasons,2.0596360789917924E-4
ranges,2.0596360789917924E-4
needed,1.6187370424252545E-4
proper,1.32832427130389E-4
update,3.237474084850509E-4
imagemode,2.0596360789917924E-4
speed,3.622669236437269E-4
multiplyd,9.023580139274987E-4
every,6.178908236975376E-4
srcalpha,6.015720092849992E-4
mask,0.0010298180394958962
apply,4.119272157983585E-4
again,1.8113346182186345E-4
forloopreplaceablebyforeach,3.007860046424996E-4
ifv,0.0012031440185699984
formula,3.007860046424996E-4
ifu,9.023580139274987E-4
step,1.8113346182186345E-4
mark,5.434003854655903E-4
idxdown,0.0018047160278549974
rectangles,2.0596360789917924E-4
quirky,3.007860046424996E-4
fileoutputstreampath,3.007860046424996E-4
integers,2.409597332321815E-4
opaque<br,2.409597332321815E-4
blends,6.178908236975376E-4
osclose,3.007860046424996E-4
still,2.65664854260778E-4
targetformat,7.228791996965445E-4
bluralphafloat,3.007860046424996E-4
blendsoftlightdestpixelsdestoffset,6.015720092849992E-4
versions,1.32832427130389E-4
photoshop<br,4.81919466464363E-4
>to,3.007860046424996E-4
specifies,1.8113346182186345E-4
extension,8.093685212126273E-4
internal,6.065359520577268E-4
regions,4.81919466464363E-4
values<br,2.0596360789917924E-4
systemarraycopypixels,2.409597332321815E-4
blurmultradius,3.007860046424996E-4
foundation,2.65664854260778E-4
maxb,4.119272157983585E-4
specified,7.77988478091012E-4
across,2.0596360789917924E-4
greenmask,0.009324366143917486
mdash,2.409597332321815E-4
writing,3.622669236437269E-4
reduces,2.409597332321815E-4
caused,3.007860046424996E-4
converts,0.001445758399393089
blendscreenint,3.007860046424996E-4
first,2.8146332910140593E-4
dimensions,4.119272157983585E-4
<<,0.01008347621773142
msg,1.32832427130389E-4
<=,0.0014613733648886117
<b>pixels<b>,0.004096315464947086
maxint,2.409597332321815E-4
perfect,2.409597332321815E-4
operation>,3.007860046424996E-4
threshold,0.0012047986661609074
float,0.0010229613554220281
space,5.434003854655903E-4
spec,3.007860046424996E-4
pimageint,0.001503930023212498
preferable,3.007860046424996E-4
reference,0.0010298180394958962
from,0.0018125323666494044
setloaded,6.015720092849992E-4
==,0.003538753668220266
offset,9.056673091093173E-4
<a,7.245338472874538E-4
bottom,2.0596360789917924E-4
minint,2.409597332321815E-4
capture,2.0596360789917924E-4
published,1.32832427130389E-4
urcurgreenmask,3.007860046424996E-4
revision,7.245338472874538E-4
sequence,4.81919466464363E-4
<li>filterblur,2.409597332321815E-4
maxd,3.007860046424996E-4
davbol,8.23854431596717E-4
<pre>,2.0596360789917924E-4
lumup,0.0018047160278549974
destpixelsdestoffset,0.009023580139274989
>=,0.005337516378107995
>>,0.01400552533714419
img,0.0014490676945749076
according,2.0596360789917924E-4
chunk,6.178908236975376E-4
operations,2.0596360789917924E-4
public,0.00535128603486967
array,0.0026673890677406126
parameter,0.003075600380607984
x++,0.012031440185699984
value,0.0013336945338703063
inc,1.32832427130389E-4
pixelwidthpixelheight,3.007860046424996E-4
opaque,0.0014490676945749076
instead,0.0014613733648886117
int,0.05741851913668681
currently,1.8113346182186345E-4
variable,3.622669236437269E-4
temple,1.32832427130389E-4
temporary,3.237474084850509E-4
<li>replace,3.007860046424996E-4
saved,1.8113346182186345E-4
objects,1.2130719041154535E-4
filterthreshold,3.007860046424996E-4
building,2.409597332321815E-4
setting,6.668472669351532E-4
via,1.8113346182186345E-4
properly,5.31329708521556E-4
saves,3.622669236437269E-4
blendsrc,3.007860046424996E-4
because,9.494217158639738E-4
near,2.0596360789917924E-4
ioexception,4.3841200946658344E-4
noinspection,1.6187370424252545E-4
<b>get<b>,2.409597332321815E-4
mousex,2.409597332321815E-4
copypimage,2.409597332321815E-4
<b>updatepixels<b>,4.81919466464363E-4
lowpass,3.007860046424996E-4
pconstants,3.622669236437269E-4
thisformat,6.015720092849992E-4
blendhardlightint,3.007860046424996E-4
version,3.061422984966221E-4
contains,7.306866824443058E-4
folder,5.434003854655903E-4
institute,1.8113346182186345E-4
returns,4.445648446234354E-4
unused,3.237474084850509E-4
fileisabsolute,2.409597332321815E-4
pimage<b>,6.015720092849992E-4
boston,1.32832427130389E-4
isnt,1.8113346182186345E-4
dilatefalse,6.015720092849992E-4
thisparent,4.81919466464363E-4
lumdown,0.0018047160278549974
hidpiretina,3.007860046424996E-4
variations,1.8113346182186345E-4
behavior,5.434003854655903E-4
agreed,3.007860046424996E-4
hardlight,0.0012357816473950753
highlighted,3.007860046424996E-4
runlength,3.007860046424996E-4
andor,1.32832427130389E-4
todo,3.98497281391167E-4
fast,6.178908236975376E-4
decreases,2.0596360789917924E-4
isread,0.0021055020324974973
maskpimage,2.409597332321815E-4
initialize,1.8113346182186345E-4
notes,1.4613733648886115E-4
destpixels,0.001503930023212498
moved,1.8113346182186345E-4
window<br,2.409597332321815E-4
red,4.119272157983585E-4
generated,2.0596360789917924E-4
fitness,1.32832427130389E-4
leave,1.6187370424252545E-4
repeating,6.015720092849992E-4
itd,3.007860046424996E-4
texels,3.007860046424996E-4
runtimeexceptionlevels,3.007860046424996E-4
nonexistent,3.007860046424996E-4
add,8.16379462657659E-4
<b>color<b>,2.0596360789917924E-4
<li>filterinvert,2.409597332321815E-4
need,2.65664854260778E-4
autogenerated,3.007860046424996E-4
its,0.0011258533164056237
often,4.119272157983585E-4
encoding,1.32832427130389E-4
<li>hardlight,3.007860046424996E-4
filterbilinear,0.0048125760742799934
users,1.2130719041154535E-4
<b>width<b>,7.228791996965445E-4
instancename,2.409597332321815E-4
therefore,2.0596360789917924E-4
useful,2.589331952356292E-4
private,0.0028482651475919213
cscan,0.0012031440185699984
rgb,0.00470947000736845
srcbuffer,6.015720092849992E-4
updatepixelsx,3.007860046424996E-4
blendexclusionint,3.007860046424996E-4
intentionally,3.007860046424996E-4
directories,1.8113346182186345E-4
getimplint,3.007860046424996E-4
<li>filterthreshold,2.409597332321815E-4
bitmasks,3.007860046424996E-4
packed,4.119272157983585E-4
selecting,2.409597332321815E-4
offending,3.007860046424996E-4
intersect,3.007860046424996E-4
javaioinputstream,2.409597332321815E-4
clipped,6.015720092849992E-4
modify,1.32832427130389E-4
interpolation,4.119272157983585E-4
isloaded,3.007860046424996E-4
clone,6.015720092849992E-4
bluemask,0.009625152148559987
gaussian,0.0012047986661609074
xcoordinate,6.178908236975376E-4
copyright,2.65664854260778E-4
called,0.0011114121115585885
movie,2.409597332321815E-4
release,5.434003854655903E-4
pgraphics,3.622669236437269E-4
colleft,0.0012031440185699984
number,3.061422984966221E-4
used<p>,3.007860046424996E-4
colorcreating,2.0596360789917924E-4
riw,3.007860046424996E-4
similar,3.622669236437269E-4
shape,2.0596360789917924E-4
specify,3.622669236437269E-4
distributed,1.32832427130389E-4
handle,2.65664854260778E-4
exit,3.237474084850509E-4
maxindex,0.0014490676945749076
read++,9.023580139274987E-4
pimagesave,6.015720092849992E-4
algorithms,3.007860046424996E-4
other,0.001133115929697678
ycoordinate,6.178908236975376E-4
targetparent,2.409597332321815E-4
javaiooutputstream,3.007860046424996E-4
exclusion,0.001647708863193434
valid,3.622669236437269E-4
blendburnint,3.007860046424996E-4
outputwritecol,0.003609432055709995
pimagemethod,6.015720092849992E-4
rle,0.011730654181057483
<b>mode<b>,6.015720092849992E-4
proportionally,3.007860046424996E-4
removed,3.334236334675766E-4
future,1.8113346182186345E-4
imgloadpixels,2.409597332321815E-4
removes,2.0596360789917924E-4
copied,2.0596360789917924E-4
scaled,1.8113346182186345E-4
precision,2.409597332321815E-4
screen,0.001992468080040498
reinit,2.409597332321815E-4
mode,0.0030326797602886336
reas,1.4613733648886115E-4
copies,9.63838932928726E-4
updating,2.0596360789917924E-4
shimawtresizeimagethis,3.007860046424996E-4
etc,1.8113346182186345E-4
implemented,3.237474084850509E-4
<b>pimage<b>,7.228791996965445E-4
modified,0.001992468080040498
buffer,3.237474084850509E-4
getimage,3.007860046424996E-4
all,7.767995857068876E-4
always,3.334236334675766E-4
new,0.0034524426031417228
settings,2.65664854260778E-4
read,0.0030008127012081894
already,3.061422984966221E-4
below,7.27843142469272E-4
inputread,0.009925938153202488
savestring,2.0596360789917924E-4
<li><tt>rgb<tt>,3.007860046424996E-4
overlays,3.007860046424996E-4
amp,2.409597332321815E-4
b<br,2.409597332321815E-4
intpixelwidthpixelheight,3.007860046424996E-4
mindst,0.004211004064994995
reaching,3.007860046424996E-4
and,0.0072501294665976174
srch++,3.007860046424996E-4
define,4.119272157983585E-4
row,4.119272157983585E-4
pixelsy,0.0018047160278549974
any,0.0015769934753500896
blitresizenearestpimage,3.007860046424996E-4
pappletminpixelwidth,9.023580139274987E-4
pixelsi,0.004337275198179267
super,4.119272157983585E-4
application,3.622669236437269E-4
blendhardlightdestpixelsdestoffset,6.015720092849992E-4
blitresizenearestimg,3.007860046424996E-4
until,1.6187370424252545E-4
pappletcolorfloat,3.007860046424996E-4
pxindex++,0.0012031440185699984
reversed,0.0024062880371399967
arraysfillpixels,3.007860046424996E-4
accurate,6.178908236975376E-4
srcxoffset,0.005414148083564992
dilatetrue,6.015720092849992E-4
nil,1.32832427130389E-4
darks,4.81919466464363E-4
java,4.852287616461814E-4
<b>jpg<b>,4.81919466464363E-4
getnative,9.023580139274987E-4
api,4.119272157983585E-4
manipulated,7.228791996965445E-4
fully,4.81919466464363E-4
using,0.001632758925315318
containing,3.622669236437269E-4
specifying,4.119272157983585E-4
imageio,2.409597332321815E-4
slow,6.178908236975376E-4
colright,0.0012031440185699984
maybe,1.6187370424252545E-4
another,8.093685212126273E-4
automatically,4.119272157983585E-4
grabs,4.119272157983585E-4
<li>softlight,3.007860046424996E-4
<li>screen,3.007860046424996E-4
recommend,2.0596360789917924E-4
increases,6.178908236975376E-4
default,7.27843142469272E-4
gray,0.0012357816473950753
rlecompressed,3.007860046424996E-4
targetytargetpixelwidth,3.007860046424996E-4
are,0.0017262213015708614
taken,3.007860046424996E-4
structured,2.409597332321815E-4
where,7.245338472874538E-4
apps,3.007860046424996E-4
blenddarkestint,3.007860046424996E-4
scaling,2.0596360789917924E-4
blendexclusiondestpixelsdestoffset,6.015720092849992E-4
black,0.0022655996868909717
maxdst,9.023580139274987E-4
call,3.334236334675766E-4
theyll,2.0596360789917924E-4
absolute,5.434003854655903E-4
supported,4.856211127275763E-4
through,1.6187370424252545E-4
precisionf,0.001503930023212498
precisionb,0.011429868176414986
cant,1.2130719041154535E-4
run,1.1114121115585886E-4
either,9.712422254551526E-4
white,0.0020596360789917924
neighbors,3.007860046424996E-4
whitelight,4.81919466464363E-4
updatepixelsimpltargetx,3.007860046424996E-4
colorcount,0.0018047160278549974
<b>pgraphics<b>,4.119272157983585E-4
toxi,0.001647708863193434
results,3.622669236437269E-4
those,2.922746729777223E-4
overlay,0.0018536724710926133
blurkerneli,0.0018047160278549974
<li>dodge,3.007860046424996E-4
duplicate,3.007860046424996E-4
filtergray,7.228791996965445E-4
luminancebased,2.409597332321815E-4
longer,1.4613733648886115E-4
blenddifferencedestpixelsdestoffset,6.015720092849992E-4
name,3.237474084850509E-4
fields,6.178908236975376E-4
parameters,9.056673091093173E-4
<b>height<b>,7.228791996965445E-4
color,0.006590835452773736
import,7.767995857068876E-4
string,3.4524426031417227E-4
android,2.0596360789917924E-4
classes,1.4613733648886115E-4
show,1.6187370424252545E-4
redundant,3.007860046424996E-4
negative,2.65664854260778E-4
not,0.002416709822199206
<ul>,0.0012357816473950753
now,1.4613733648886115E-4
currowindex,0.0012031440185699984
statement,4.119272157983585E-4
factor,0.002409597332321815
interfaces,2.409597332321815E-4
green,2.0596360789917924E-4
was,3.7528443880187454E-4
way,1.32832427130389E-4
target,9.712422254551526E-4
what,3.061422984966221E-4
rlevel,0.0012031440185699984
window,0.0014490676945749076
conditionals,3.007860046424996E-4
upperleft,0.0014417452552942546
bkij,3.007860046424996E-4
deprecated,4.3841200946658344E-4
quickly,2.409597332321815E-4
usage,0.002717001927327952
pimageblendpimage,4.81919466464363E-4
<li>exclusion,3.007860046424996E-4
when,0.001593989125564668
cast,2.409597332321815E-4
webapplication,0.0026775269026893304
loadpixels,0.0014417452552942546
systemarraycopysourceimagepixels,3.007860046424996E-4
catch,3.061422984966221E-4
blendthis,6.015720092849992E-4
greater,6.178908236975376E-4
case,0.011544849582620031
sourceheight,0.0018047160278549974
<tt>c,0.001503930023212498
images,0.0038849689018206103
filteropaque,6.015720092849992E-4
lowest,1.6187370424252545E-4
saving,1.8113346182186345E-4
utilize,2.0596360789917924E-4
bounds,1.8113346182186345E-4
excessive,3.007860046424996E-4
completely,3.237474084850509E-4
formatted,2.0596360789917924E-4
portion,3.007860046424996E-4
harsh,3.007860046424996E-4
enabled,3.622669236437269E-4
savetgaos,3.007860046424996E-4
<b>img<b>,2.0596360789917924E-4
posterize,7.228791996965445E-4
blendsubpinint,3.007860046424996E-4
resized,5.434003854655903E-4
web,2.0596360789917924E-4
more,6.904885206283445E-4
display,0.0016302011563967711
setloadedboolean,3.007860046424996E-4
intersectsx,3.007860046424996E-4
blitresizepimage,3.007860046424996E-4
width,0.005434003854655904
levels,0.0021686375990896335
stuff,1.8113346182186345E-4
opting,2.409597332321815E-4
num,0.001091764713703908
section,4.81919466464363E-4
used,0.0022450435223085622
maskint,3.007860046424996E-4
y++,0.011730654181057483
used<br,0.0012047986661609074
^=,3.007860046424996E-4
described,9.023580139274987E-4
widthheight,2.0596360789917924E-4
otherwise,5.434003854655903E-4
targetoffset,9.023580139274987E-4
savepath,0.0012047986661609074
package,8.631106507854307E-5
<li>lightest,3.007860046424996E-4
srcbuffersy,0.0045117900696374945
kind,0.0010298180394958962
llcllbluemask,3.007860046424996E-4
blendsubpindestpixelsdestoffset,6.015720092849992E-4
opened,2.0596360789917924E-4
pixelsidxright,6.015720092849992E-4
important,1.8113346182186345E-4
most,6.64162135651945E-4
pixels,0.010324607323846218
outside,3.237474084850509E-4
currlum,0.005414148083564992
darkest,0.0022655996868909717
option,1.6187370424252545E-4
determines,2.0596360789917924E-4
pimageimage,3.007860046424996E-4
why,6.178908236975376E-4
necessarily,3.007860046424996E-4
along,2.65664854260778E-4
<b>gif<b>,4.81919466464363E-4
targetwidth,2.409597332321815E-4
thresh,6.015720092849992E-4
jpg,4.81919466464363E-4
rest,1.8113346182186345E-4
original,1.4613733648886115E-4
assignment,6.015720092849992E-4
intmaxindex,6.015720092849992E-4
<b>x<b>,8.23854431596717E-4
also,4.3841200946658344E-4
increase,2.0596360789917924E-4
gets,2.0596360789917924E-4
recommended,2.0596360789917924E-4
pimage,0.0028981353891498153
various,3.622669236437269E-4
uses,8.093685212126273E-4
buggy,2.409597332321815E-4
simply,4.119272157983585E-4
approx,3.007860046424996E-4
urcurbluemask,3.007860046424996E-4
extent,2.0596360789917924E-4
equivalent,6.474948169701018E-4
parent,0.001456863338182729
colors<br,2.0596360789917924E-4
reflected,2.409597332321815E-4
fit,2.0596360789917924E-4
b<b><br,6.178908236975376E-4
addition,2.409597332321815E-4
grow,4.856211127275763E-4
sure,8.768240189331669E-4
href=httpwwwtoxicouk>toxi<a>,2.409597332321815E-4
shrink,2.409597332321815E-4
an,0.0028482651475919213
former,4.81919466464363E-4
lrclrbluemask,3.007860046424996E-4
as,0.004229242188848611
at,4.081897313288295E-4
blendoverlayint,3.007860046424996E-4
intermediate,3.237474084850509E-4
compression,3.007860046424996E-4
mindesth,3.007860046424996E-4
be,0.004401864319005696
bk,3.007860046424996E-4
bl,2.0596360789917924E-4
bm,0.001503930023212498
br,2.0596360789917924E-4
see,0.002761954082513378
intpixelslength,0.0012031440185699984
bw,3.007860046424996E-4
by,0.0018988434317279475
subsequent,1.8113346182186345E-4
<li><tt>argb<tt>,3.007860046424996E-4
indicate,2.409597332321815E-4
ca,0.001445758399393089
cb,0.004578234931411449
compared,2.0596360789917924E-4
i<pixelslength,3.007860046424996E-4
blurring,2.409597332321815E-4
contain,4.119272157983585E-4
set,0.0014073166455070296
cg,0.003910218060352495
fastest,1.8113346182186345E-4
currchunk,3.007860046424996E-4
words,2.0596360789917924E-4
rounding,2.409597332321815E-4
familiar,2.0596360789917924E-4
cr,0.00313247653201836
webref,0.001992486406955835
<tt>printlnjavaximageioimageiogetreaderformatnames<tt>,2.409597332321815E-4
blendmultiplyint,3.007860046424996E-4
blenddarkestdestpixelsdestoffset,6.015720092849992E-4
srcyoffset,0.014738514227482482
da,0.008674550396358534
db,0.0020596360789917924
dd,2.0596360789917924E-4
dg,0.002409597332321815
dh,0.004096315464947086
javaiobufferedoutputstream,3.007860046424996E-4
ben,1.4613733648886115E-4
maskarrayi,3.007860046424996E-4
maskarraylength,3.007860046424996E-4
do,0.0010002709004027297
nearest,2.0596360789917924E-4
dr,0.002409597332321815
dilateerode,3.007860046424996E-4
ds,0.001503930023212498
blitterresizercopier,3.007860046424996E-4
><br,6.178908236975376E-4
dw,0.004096315464947086
dx,0.012047986661609075
dy,0.012047986661609075
systemarraycopypx,6.015720092849992E-4
rarr,4.119272157983585E-4
sgn,0.0018047160278549974
needs,2.65664854260778E-4
which,0.0010204743283220737
image,0.02300394965137666
eprintstacktrace,2.65664854260778E-4
filterblur,3.007860046424996E-4
pixelsidxleft,6.015720092849992E-4
blurargbfloat,3.007860046424996E-4
fb,0.0016867181326252704
however,2.65664854260778E-4
sourcex,0.0012031440185699984
sourcey,0.001503930023212498
sources,8.23854431596717E-4
outputwriteheader,3.007860046424996E-4
blendblendint,3.007860046424996E-4
origin,0.0012357816473950753
for,0.015277058518902124
bmbmi,3.007860046424996E-4
bufferedoutputstreamnew,2.0596360789917924E-4
fr,0.0014417452552942546
content,4.81919466464363E-4
getting,4.856211127275763E-4
desktop,2.0596360789917924E-4
perhaps,2.409597332321815E-4
rleencoded,3.007860046424996E-4
divide,1.8113346182186345E-4
class,1.7262213015708613E-4
conversion,6.178908236975376E-4
over,1.4613733648886115E-4
shimawtfromnativeimageimg,3.007860046424996E-4
gn,0.0048125760742799934
false,6.041774555498015E-4
go,1.6187370424252545E-4
lumleft,0.0018047160278549974
pappletcopypimage,2.409597332321815E-4
setup,1.6187370424252545E-4
avoid,7.306866824443058E-4
initint,9.023580139274987E-4
imgpixelwidth,0.005060154397875811
big,2.0596360789917924E-4
modes,0.001133115929697678
placed,1.8113346182186345E-4
bit,5.434003854655903E-4
output,1.4613733648886115E-4
corner,0.0026775269026893304
outputstream,2.0596360789917924E-4
else,0.002761954082513378
warranty,2.65664854260778E-4
ie,1.6187370424252545E-4
if,0.012515104436388745
blendlightestint,3.007860046424996E-4
likely,1.8113346182186345E-4
im,2.409597332321815E-4
issue,1.8113346182186345E-4
surface,2.0596360789917924E-4
in,0.00535128603486967
director,6.015720092849992E-4
io,2.0596360789917924E-4
lower,8.093685212126273E-4
index,0.00428599217895271
is,0.007681684791990333
it,0.0018988434317279475
fry,3.98497281391167E-4
iw,0.0012031440185699984
odd,1.8113346182186345E-4
additive,4.119272157983585E-4
intercept,2.409597332321815E-4
contrast,9.63838932928726E-4
begin,1.6187370424252545E-4
bkj,3.007860046424996E-4
bki,3.007860046424996E-4
works,4.856211127275763E-4
bluralphaparam,3.007860046424996E-4
proportion,3.007860046424996E-4
neighbour,3.007860046424996E-4
library,7.245338472874538E-4
world,1.8113346182186345E-4
theres,2.922746729777223E-4
hopefully,2.0596360789917924E-4
blendblend,6.015720092849992E-4
pixelheight,0.006590835452773736
implementations,6.178908236975376E-4
break,0.01068366448000668
change,4.3841200946658344E-4
objectclone,3.007860046424996E-4
draw,2.0596360789917924E-4
llcllgreenmask,3.007860046424996E-4
extremes,6.015720092849992E-4
off,9.056673091093173E-4
blurrgbfloat,3.007860046424996E-4
places,2.409597332321815E-4
parentsavepathfilename,3.007860046424996E-4
equals,1.8113346182186345E-4
bmc,0.0024062880371399967
nonrle,3.007860046424996E-4
sourceimagepixelwidth,6.015720092849992E-4
powers,3.007860046424996E-4
bmj,6.015720092849992E-4
ll,6.015720092849992E-4
<b>colormodehsb<b>,2.409597332321815E-4
bmp,2.409597332321815E-4
lr,3.007860046424996E-4
several,2.409597332321815E-4
<br,0.007414689884370453
while,0.00112204384602106
second,2.0596360789917924E-4
that,0.0015535991714137752
edge,0.0010298180394958962
faster,2.65664854260778E-4
high,5.434003854655903E-4
ma,1.32832427130389E-4
fracu,6.015720092849992E-4
than,7.143320298254516E-4
fracv,6.015720092849992E-4
different,4.856211127275763E-4
directly,9.712422254551526E-4
level,6.178908236975376E-4
photoshop,0.001445758399393089
modernized,3.007860046424996E-4
targetindex,9.023580139274987E-4
filterdilate,6.015720092849992E-4
throws,2.426143808230907E-4
plus,2.409597332321815E-4
license,5.31329708521556E-4
disk,2.409597332321815E-4
grabbing,2.409597332321815E-4
precalphashift,6.015720092849992E-4
mindestw,3.007860046424996E-4
errors,2.0596360789917924E-4
maxlen,0.0021055020324974973
no,0.0015307114924831106
code,0.0012130719041154535
switch,0.001992468080040498
outputwritecurrchunki,3.007860046424996E-4
of,0.01096150526497497
href=httpwwwwotsitorgdownloadaspf=tga>specification<a>,3.007860046424996E-4
buildblurkernelfloat,3.007860046424996E-4
fxn,3.007860046424996E-4
ismodified,3.007860046424996E-4
on,0.0010320322067051552
allows,1.8113346182186345E-4
console,1.8113346182186345E-4
or,0.002761954082513378
os,1.4613733648886115E-4
src,0.01734910079271707
blenddodgeint,3.007860046424996E-4
<b>getx,4.81919466464363E-4
precredshift,6.015720092849992E-4
upper,0.0016302011563967711
px,7.228791996965445E-4
y<b>,7.228791996965445E-4
pappletpixels,2.409597332321815E-4
thiswidth,4.81919466464363E-4
speaking,4.81919466464363E-4
blendint,2.409597332321815E-4
posterize<br,2.409597332321815E-4
lighten,3.007860046424996E-4
<b>c,0.0010298180394958962
shifts,3.007860046424996E-4
blending,0.0022655996868909717
drawn,2.0596360789917924E-4
softlight,0.0012357816473950753
they,3.622669236437269E-4
<li>difference,3.007860046424996E-4
old,3.334236334675766E-4
subtract,0.0014613733648886117
then,2.222824223117177E-4
systemerrprintlnunknown,3.007860046424996E-4
rb,0.005113362078922493
thispixels,3.007860046424996E-4
requested,2.409597332321815E-4
minrb,6.015720092849992E-4
ri,0.0045117900696374945
starting,2.0596360789917924E-4
access,4.856211127275763E-4
primitive,2.0596360789917924E-4
javautilarrays,1.6187370424252545E-4
sum,0.0038849689018206103
sa,0.013011825594537802
sb,7.77988478091012E-4
referring,4.81919466464363E-4
sd,3.007860046424996E-4
current,5.557060557792943E-4
exporter,3.007860046424996E-4
sg,0.0016867181326252704
sh,0.005301114131107993
variety,2.409597332321815E-4
gnmask,0.010527510162487486
testfunctiondst,3.007860046424996E-4
executes,2.409597332321815E-4
so,8.443899873042177E-4
sr,0.0016867181326252704
updatepixelstargetx,3.007860046424996E-4
decision,3.007860046424996E-4
necessary,3.237474084850509E-4
sw,0.004531199373781943
sx,0.01903581892534234
sy,0.0067967990606729155
one,7.143320298254516E-4
loads,4.119272157983585E-4
makes,1.8113346182186345E-4
redmask,0.010527510162487486
single,2.922746729777223E-4
orig,0.0012031440185699984
requirescheckalpha,0.0012031440185699984
tl,2.0596360789917924E-4
compressed,4.81919466464363E-4
to,0.011306749525289142
tr,1.8113346182186345E-4
but,0.001294665976178146
separate,1.6187370424252545E-4
loader,2.0596360789917924E-4
<b>blend<b>,2.0596360789917924E-4
loaded,0.001992468080040498
zero,1.6187370424252545E-4
image<br,4.119272157983585E-4
pxlength,6.015720092849992E-4
ul,0.0012031440185699984
variant,3.007860046424996E-4
getimplx,3.007860046424996E-4
details,1.32832427130389E-4
up,2.65664854260778E-4
written,4.119272157983585E-4
maxafactor,4.119272157983585E-4
ur,6.015720092849992E-4
extreme,3.007860046424996E-4
coordinate,0.0018536724710926133
this,0.004401864319005696
inbetween,2.409597332321815E-4
tweaked,3.007860046424996E-4
outgoingindex++,6.015720092849992E-4
coldown,0.0012031440185699984
failure,2.409597332321815E-4
region,0.0012357816473950753
support,2.922746729777223E-4
yorder,3.007860046424996E-4
implements,1.2130719041154535E-4
<b>createimage<b>,0.0012031440185699984
doing,1.6187370424252545E-4
bilinear,4.81919466464363E-4
changes,3.63921571234636E-4
destination,0.002409597332321815
higherperformance,3.007860046424996E-4
figured,2.409597332321815E-4
we,3.98497281391167E-4
grayscale,0.0026775269026893304
wh,2.409597332321815E-4
discrepancies,3.007860046424996E-4
headerlength,3.007860046424996E-4
param,0.007040118637910616
missing,1.4613733648886115E-4
forint,3.007860046424996E-4
normal,4.119272157983585E-4
types,1.8113346182186345E-4
cases,1.32832427130389E-4
casey,1.4613733648886115E-4
reading,4.856211127275763E-4
filters,0.0012047986661609074
technology,1.8113346182186345E-4
storing,7.228791996965445E-4
ones,2.0596360789917924E-4
location,1.6187370424252545E-4
<b>resize<b>,3.007860046424996E-4
software,6.64162135651945E-4
pimageblendcolorintintint,2.409597332321815E-4
<p>,0.003079268850971679
type,8.093685212126273E-4
yi,0.004337275198179267
currchunki,6.015720092849992E-4
ym,0.006316506097492491
terms,1.32832427130389E-4
massachusetts,1.8113346182186345E-4
between,0.001647708863193434
yw,6.015720092849992E-4
outgoingpixelsi,9.023580139274987E-4
method,0.0010204743283220737
srcw,9.023580139274987E-4
srch,9.023580139274987E-4
intact,2.409597332321815E-4
lightens,4.81919466464363E-4
following,4.119272157983585E-4
readerwriter,3.007860046424996E-4
zw,6.015720092849992E-4
modes<br,2.409597332321815E-4
neighbouring,3.007860046424996E-4
|=,2.0596360789917924E-4
flag,5.434003854655903E-4
<b>y<b>,8.23854431596717E-4
blitresizebilinearimg,3.007860046424996E-4
insignificant,3.007860046424996E-4
filefilename,3.007860046424996E-4
range,6.178908236975376E-4
pappletsetint,2.409597332321815E-4
blurkernelradius,3.007860046424996E-4
ym++,9.023580139274987E-4
our,3.237474084850509E-4
<b>loadpixels<b>,0.0012047986661609074
out,3.63921571234636E-4
screens,4.81919466464363E-4
get,0.0010320322067051552
<li>burn,3.007860046424996E-4
dark,7.228791996965445E-4
updatepixelsint,2.409597332321815E-4
screenw,0.011429868176414986
copy,7.767995857068876E-4
place,1.8764221940093727E-4
bigger,2.409597332321815E-4
colormodergb,2.409597332321815E-4
intparam,3.007860046424996E-4
lead,3.007860046424996E-4
filter,9.023580139274987E-4
help,1.6187370424252545E-4
depth,2.0596360789917924E-4
||,0.0026269910716131216
succeeds,8.23854431596717E-4
data,0.0021116830119613187
i++,0.002653233253637392
roff,3.007860046424996E-4
lightest,0.0022655996868909717
only,0.0012245691939864883
should,9.298269899127229E-4
create,1.8764221940093727E-4
runtimeexceptionresize,3.007860046424996E-4
filtererode,6.015720092849992E-4
like,3.237474084850509E-4
radiusi,9.023580139274987E-4
screend,9.023580139274987E-4
screenh,9.023580139274987E-4
proposed,6.015720092849992E-4
files,8.768240189331669E-4
rectangle,7.245338472874538E-4
here,3.98497281391167E-4
note,2.65664854260778E-4
purpose,1.32832427130389E-4
pvideo,2.409597332321815E-4
scale,3.622669236437269E-4
setmodifiedboolean,3.007860046424996E-4
blendaddpinint,3.007860046424996E-4
aware,3.007860046424996E-4
can,0.0016983006657616349
targetpixels,2.409597332321815E-4
ready,1.8113346182186345E-4
<pre>o,3.007860046424996E-4
harsh<br,2.409597332321815E-4
pixeldensity,0.0020596360789917924
smooth,8.23854431596717E-4
inverse,6.178908236975376E-4
limited,2.0596360789917924E-4
will,0.002330398757120663
implementation,1.6187370424252545E-4
edges,2.0596360789917924E-4
match,1.4613733648886115E-4
nontransparent,3.007860046424996E-4
reads,6.178908236975376E-4
technically,4.119272157983585E-4
idxup,0.0018047160278549974
really,1.6187370424252545E-4
biggie,3.007860046424996E-4
boolean,0.0015535991714137752
pimagexml,3.007860046424996E-4
pappletloadimagestring,4.119272157983585E-4