messagesshowwarninglanguagetextcontriberrorsinstallfailed,0.006245352418974911
restorequeue,0.006245352418974911
about,0.00336105508486362
without,0.0050375093480579365
nil,0.0027580582450406573
path,0.005516116490081315
statuspanelclearmessage,0.024981409675899645
bar,0.004276513191971131
progressbarsetuinew,0.006245352418974911
contribution,0.020012612682638386
java,0.0025187546740289683
protected,0.01906970252893475
sketches,0.00336105508486362
state,0.003760953922344283
you,0.004237711673096611
contribgettyperequiresrestart,0.006245352418974911
finishinstallboolean,0.006245352418974911
ad,0.024981409675899645
downloadurl,0.012490704837949822
javautilabstractqueue,0.006245352418974911
received,0.0027580582450406573
then,0.0025187546740289683
an,0.0017921146953405018
thisstatuspanel,0.006245352418974911
version,0.004237711673096611
contrib,0.042765131919711305
pdeprogressbarui,0.012490704837949822
as,0.005376344086021506
contributionlisting,0.0050031531706595965
downloadprogress,0.012490704837949822
processing,0.005516116490081315
=,0.04121863799283154
boston,0.0027580582450406573
be,0.0017921146953405018
icon,0.006245352418974911
initprogressbar,0.012490704837949822
workaround,0.004276513191971131
see,0.0017921146953405018
restoresketches,0.010006306341319193
updatetheme,0.010006306341319193
are,0.0017921146953405018
by,0.0035842293906810036
override,0.009230695859869397
free,0.008274174735121972
so,0.0019480490627054295
thiscontrib,0.006245352418974911
mix,0.004276513191971131
a,0.014336917562724014
c,0.005516116490081315
contribisinstalled,0.006245352418974911
implied,0.0027580582450406573
manager,0.0050031531706595965
e,0.0050375093480579365
getlocalcontrib,0.006245352418974911
getlocalcontribremovecontributionbase,0.012490704837949822
gnu,0.008274174735121972
andor,0.0027580582450406573
the,0.03046594982078853
todo,0.008274174735121972
suite,0.0027580582450406573
calls,0.003034313943655816
calling,0.004276513191971131
progress,0.025015765853297983
information,0.003034313943655816
to,0.005376344086021506
under,0.0027580582450406573
availablecontribution,0.018736057256924735
but,0.0017921146953405018
installcontributionad,0.012490704837949822
finishinstallfalse,0.006245352418974911
project,0.0027580582450406573
ben,0.003034313943655816
finishinstallisexception,0.006245352418974911
anymore,0.004276513191971131
good,0.003034313943655816
cbasicoffset,0.0027580582450406573
restorequeueremove,0.006245352418974911
fitness,0.0027580582450406573
contriblisting,0.006245352418974911
things,0.00336105508486362
details,0.0027580582450406573
statuspanel,0.04996281935179929
installcontributionavailablecontribution,0.018736057256924735
info,0.004276513191971131
static,0.004237711673096611
need,0.0027580582450406573
concurrentlinkedqueue<>,0.0050031531706595965
this,0.008960573476702509
its,0.0019480490627054295
javanetmalformedurlexception,0.006245352418974911
contriblistingreplacecontributioncontrib,0.006245352418974911
installprogress,0.012490704837949822
final,0.003896098125410859
contriblistinggetavailablecontributioncontrib,0.012490704837949822
javaxswingjprogressbar,0.006245352418974911
useful,0.0017921146953405018
installed,0.00336105508486362
doing,0.00336105508486362
private,0.014336917562724014
import,0.012544802867383513
string,0.0035842293906810036
contribisdeletionflagged,0.006245352418974911
for,0.005376344086021506
contribprogressprogressbar,0.024981409675899645
contributionmanagerdownloadandinstallbase,0.006245352418974911
update,0.01008316525459086
updates,0.003760953922344283
remove,0.003896098125410859
contribgettype,0.006245352418974911
pdeprogressbaruimanagerprogress,0.006245352418974911
not,0.005376344086021506
finishedaction,0.03747211451384947
statuspanelcontributiontabrepaint,0.006245352418974911
class,0.0017921146953405018
just,0.0021188558365483057
languagetextcontriberrorsmalformedurl,0.006245352418974911
false,0.010752688172043012
was,0.0019480490627054295
casey,0.003034313943655816
thisprogressbar,0.006245352418974911
localcontribution,0.015009459511978792
bars,0.006245352418974911
instanceof,0.007556264022086906
special,0.0050031531706595965
modify,0.0027580582450406573
with,0.0017921146953405018
what,0.0021188558365483057
there,0.002307673964967349
well,0.003034313943655816
abstractqueue<string>,0.006245352418974911
base,0.015043815689377132
copyright,0.005516116490081315
basehandleopenpath,0.006245352418974911
software,0.008274174735121972
progressbarsetindeterminatetrue,0.012490704837949822
program,0.008274174735121972
hope,0.0027580582450406573
infolink,0.012490704837949822
dummy,0.0050031531706595965
storesketchpathstring,0.006245352418974911
httpsprocessingorg,0.006245352418974911
terms,0.0027580582450406573
else,0.005376344086021506
progressbargetuiupdatetheme,0.006245352418974911
warranty,0.005516116490081315
catch,0.0021188558365483057
installcontributioninfo,0.006245352418974911
jprogressbar,0.006245352418974911
getlocalcontribsetupdateflag,0.006245352418974911
if,0.025089605734767026
write,0.0017921146953405018
restorequeueisempty,0.006245352418974911
method,0.0019480490627054295
in,0.005376344086021506
distributed,0.0027580582450406573
progressbargetui,0.006245352418974911
handle,0.0027580582450406573
is,0.005376344086021506
it,0.007168458781362007
fry,0.01103223298016263
even,0.0019480490627054295
install,0.015009459511978792
care,0.004276513191971131
requires,0.003034313943655816
status,0.008553026383942262
thats,0.003034313943655816
processingapplafpdeprogressbarui,0.006245352418974911
works,0.00336105508486362
redistribute,0.0027580582450406573
methods,0.00336105508486362
javautilconcurrentconcurrentlinkedqueue,0.006245352418974911
foundation,0.008274174735121972
thisbase,0.006245352418974911
setcontribcontribution,0.006245352418974911
installation,0.010006306341319193
have,0.0017921146953405018
statuspanelseterrormessagelanguageinterpolatecontribunsupportedoperatingsystem,0.006245352418974911
copy,0.0017921146953405018
place,0.0019480490627054295
updateinprogress,0.031226762094874554
restart,0.004276513191971131
more,0.0017921146953405018
change,0.003034313943655816
removeinprogress,0.024981409675899645
url,0.006068627887311632
contributionlistinggetinstance,0.0050031531706595965
statuspanelresetprogressbar,0.031226762094874554
progressbarsetvisibletrue,0.018736057256924735
installinprogress,0.018736057256924735
first,0.0019480490627054295
return,0.0035842293906810036
urlurl,0.006245352418974911
clearstatusmessage,0.024981409675899645
usa,0.0027580582450406573
malformedurlexception,0.0050031531706595965
contribprogress,0.031226762094874554
javaneturl,0.006245352418974911
while,0.0017921146953405018
mode,0.007556264022086906
reas,0.003034313943655816
that,0.0035842293906810036
ma,0.0027580582450406573
tab,0.004276513191971131
downloading,0.0050031531706595965
contributionlistinggetinstancereplacecontributioncontrib,0.006245352418974911
should,0.0027580582450406573
create,0.0019480490627054295
from,0.0017921146953405018
statusdetailbase,0.006245352418974911
==,0.005376344086021506
all,0.0017921146953405018
new,0.012544802867383513
package,0.0017921146953405018
void,0.034050179211469536
adlink,0.012490704837949822
gross,0.004276513191971131
getlocalcontribsetdeletionflagfalse,0.006245352418974911
restorequeueaddpath,0.006245352418974911
particular,0.0019480490627054295
published,0.0027580582450406573
tool,0.003760953922344283
indenttabsmode,0.0027580582450406573
license,0.008274174735121972
ffs,0.006245352418974911
null,0.005376344086021506
were,0.0025187546740289683
cancelaction,0.024981409675899645
progressbar,0.031226762094874554
true,0.007168458781362007
try,0.0021188558365483057
no,0.004615347929934698
purpose,0.0027580582450406573
part,0.0019480490627054295
statusdetail,0.006245352418974911
error,0.006068627887311632
contributiontypemode,0.0050031531706595965
getcontrib,0.006245352418974911
can,0.0025187546740289683
general,0.007556264022086906
processingapp,0.003760953922344283
along,0.0027580582450406573
public,0.01971326164874552
and,0.005376344086021506
of,0.016129032258064516
statuspanelseterrormessagelanguagetextcontribdownloaderror,0.006245352418974911
inc,0.0027580582450406573
processingappcontrib,0.0050031531706595965
unfortunate,0.004276513191971131
or,0.0035842293906810036
restore,0.0050031531706595965
will,0.0035842293906810036
any,0.0050375093480579365
really,0.00336105508486362
boolean,0.005376344086021506
merchantability,0.0027580582450406573
infogettype,0.006245352418974911
setprogressbarjprogressbar,0.006245352418974911
temple,0.0027580582450406573