equivalent,8.614923001166283E-4
processingcorepapplet,7.069345432855705E-4
functions,6.455972017033369E-4
arrayint,0.0016007839456995867
leading,9.639927830354204E-4
objects,0.0012911944034066738
savefile,9.639927830354204E-4
integermaxvalue,0.002192277777785844
systemarraycopyvalues,0.0019279855660708407
getsubsetstart,9.639927830354204E-4
mathmincount,9.639927830354204E-4
setting,5.914938320862567E-4
printwriter,0.001555486615121677
these,7.069345432855705E-4
protected,0.0010861934375690902
because,9.986324088099492E-4
lastfinalsecond,0.0012823883643675034
sorts,0.0017229846002332566
you,5.430967187845451E-4
grow,8.614923001166283E-4
past,0.003110973230243354
unparsable,0.002192277777785844
appendv,0.0019279855660708407
+,0.010984956496909441
concat,9.639927830354204E-4
an,0.0059715204409738175
version,5.430967187845451E-4
as,0.0013780431786862655
sorted,7.777433075608385E-4
at,0.0032585803127072703
size,0.00354896299251754
stop,0.0034459692004665133
stringformatthe,0.001096138888892922
checkminmaxmaxindex,0.001096138888892922
returns,0.00354896299251754
unused,8.614923001166283E-4
<,0.015749804844751806
=,0.05604042259990813
>,0.003994529635239797
object,0.0014979486132149237
writeprintwriter,9.639927830354204E-4
be,0.0036747818098300414
intnum,0.0016007839456995867
datai,0.020243848443743828
writerprintlndatai,9.639927830354204E-4
see,0.0013780431786862655
same,0.0011829876641725134
by,9.186954524575103E-4
datab,0.0028919783491062607
dataa,0.0028919783491062607
override,0.002957469160431283
a,0.021589343132751494
b,0.0012911944034066738
set,0.0024965810220248727
d,0.001555486615121677
javaioprintwriter,9.639927830354204E-4
fastest,9.639927830354204E-4
i,0.02226696547016635
resizeindex,0.0012823883643675034
writewriter,9.639927830354204E-4
rnextintnum,9.639927830354204E-4
removevalueint,0.001096138888892922
iterator<integer>,0.0016007839456995867
o,0.003873583210220021
the,0.033991731740927886
webref,0.014138690865711408
r,7.069345432855705E-4
pushint,0.0012823883643675034
s,0.00177448149625877
t,0.001413869086571141
throw,0.004887870469060906
spliceinsert,9.639927830354204E-4
v,0.001555486615121677
maximum,8.614923001166283E-4
getter,0.0012823883643675034
removeint,9.639927830354204E-4
tempindex,0.001096138888892922
joinstring,8.614923001166283E-4
dn,0.0012823883643675034
do,6.455972017033369E-4
empty,0.0012911944034066738
div,0.001096138888892922
boundsproblemindex,0.004384555555571688
act,7.777433075608385E-4
helper,0.0017229846002332566
valueslength,0.008675935047318784
addint,0.001096138888892922
copying,7.777433075608385E-4
add,0.004344773750276361
needs,7.069345432855705E-4
which,5.430967187845451E-4
making,7.069345432855705E-4
static,0.0010861934375690902
count,0.043770543574383
its,0.0029958972264298475
check,0.0014979486132149237
encoding,7.069345432855705E-4
list,0.01398085372333929
pappletcreatewriterfile,9.639927830354204E-4
outgoingcount,9.639927830354204E-4
users,6.455972017033369E-4
runtimeexceptionsum,0.0025647767287350067
sketchrandomcount,9.639927830354204E-4
intlistobject,0.0016007839456995867
final,9.986324088099492E-4
useful,4.5934772622875517E-4
however,7.069345432855705E-4
outgoing,0.008689547500552721
some,5.914938320862567E-4
ointvalue,0.0025647767287350067
private,0.0018373909049150207
optimized,8.614923001166283E-4
smallest,0.0019279855660708407
appendintlist,0.0016007839456995867
for,0.015617822691777675
itemslength,9.639927830354204E-4
remove,0.0034952134308348223
random,0.006030446100816398
json,8.614923001166283E-4
divide,0.0019279855660708407
end,6.455972017033369E-4
multiply,0.001555486615121677
class,0.0013780431786862655
just,5.430967187845451E-4
over,7.777433075608385E-4
splice,8.614923001166283E-4
false,4.5934772622875517E-4
length,0.0064559720170333686
room,0.002192277777785844
instanceof,0.0012911944034066738
webbrief,0.015554866151216769
with,0.002756086357372531
print,7.777433075608385E-4
there,0.0011829876641725134
suitable,8.614923001166283E-4
append,7.777433075608385E-4
subset,0.001555486615121677
very,0.001555486615121677
mult,0.001096138888892922
called,5.914938320862567E-4
advanced,8.614923001166283E-4
pile,0.0019279855660708407
construct,0.0019279855660708407
appendpappletparseintotostringtrim,0.0012823883643675034
number,0.0032585803127072703
normalization,0.001096138888892922
else,0.005512172714745062
functionname,0.002192277777785844
hasnext,9.639927830354204E-4
join,7.777433075608385E-4
per,5.914938320862567E-4
divint,0.001096138888892922
if,0.021129995406522738
mathrandom,8.614923001166283E-4
write,4.5934772622875517E-4
order,0.002957469160431283
ii,0.004307461500583141
large,0.0017229846002332566
sbappendseparator,8.614923001166283E-4
in,0.0018373909049150207
index,0.04018915719005634
is,0.0036747818098300414
being,5.914938320862567E-4
it,0.003215434083601286
removing,6.455972017033369E-4
intlistiterable<object>,0.0016007839456995867
maxindex,9.639927830354204E-4
even,4.993162044049746E-4
orders,0.001096138888892922
arrays,7.777433075608385E-4
getsubsetint,0.0019279855660708407
systemarraycopysource,0.0012823883643675034
compareint,9.639927830354204E-4
writerclose,7.777433075608385E-4
arrayindexoutofboundsexceptionindex,0.0019279855660708407
save,4.993162044049746E-4
drastic,9.639927830354204E-4
getint,7.777433075608385E-4
file,9.986324088099492E-4
strings,7.777433075608385E-4
theres,7.777433075608385E-4
appendint,0.002192277777785844
have,0.0013780431786862655
knows,9.639927830354204E-4
weirder,9.639927830354204E-4
max,7.777433075608385E-4
could,4.993162044049746E-4
resizeint,7.777433075608385E-4
+=,0.002120803629856711
removed,0.0019367916051100105
swapint,9.639927830354204E-4
arrayindexoutofboundsexceptionmsg,0.001096138888892922
shuffle,0.0019279855660708407
return,0.023426734037666513
instance,0.0010861934375690902
use,0.0024965810220248727
dataindex,0.008675935047318784
integer,0.001096138888892922
while,9.186954524575103E-4
fromrangeint,0.0025647767287350067
that,4.5934772622875517E-4
faster,0.001413869086571141
function,5.914938320862567E-4
than,0.002715483593922725
datanum,0.0038559711321416814
terrible,8.614923001166283E-4
all,0.0022967386311437757
always,5.914938320862567E-4
new,0.016995865870463943
read,5.914938320862567E-4
tojson,0.0019279855660708407
void,0.0133210840606339
already,0.0010861934375690902
below,6.455972017033369E-4
percentages,8.614923001166283E-4
less,7.777433075608385E-4
sort,0.003110973230243354
separator,7.777433075608385E-4
<b>shuffle<b>,9.639927830354204E-4
entry,0.005164777613626695
entries,0.0045191804119233585
null,0.002756086357372531
intlist,0.011567913396425043
improve,7.777433075608385E-4
lists,0.001555486615121677
were,0.0012911944034066738
true,9.186954524575103E-4
code,5.914938320862567E-4
removeindex,9.639927830354204E-4
<b>arraylist<b>,9.639927830354204E-4
appears,7.777433075608385E-4
running,0.001555486615121677
toarraynull,9.639927830354204E-4
index+valueslength,9.639927830354204E-4
ties,0.0025647767287350067
and,0.003215434083601286
systemoutformatd,9.639927830354204E-4
tsv,8.614923001166283E-4
of,0.012861736334405145
working,6.455972017033369E-4
harder,0.0012823883643675034
allocated,0.0023332299226825155
on,0.0024965810220248727
sketchrandomnum,9.639927830354204E-4
or,0.0018373909049150207
<b>sort<b>,0.0019279855660708407
newbieseti,0.0012823883643675034
structure,0.001096138888892922
hasvaluevalue,9.639927830354204E-4
writer,0.001413869086571141
sketch,0.0021723868751381803
dataint,0.0019279855660708407
sumlong,0.0051295534574700135
exceeds,0.0012823883643675034
sized,9.639927830354204E-4
maintain,7.777433075608385E-4
iterable,0.0028919783491062607
checkminmaxmin,0.001096138888892922
data++index,9.639927830354204E-4
iterator,9.639927830354204E-4
hasvalueint,0.0012823883643675034
indexvalue,9.639927830354204E-4
element,0.002584476900349885
suppresswarningsunused,0.0069996897680475465
using,0.0010861934375690902
separately,8.614923001166283E-4
newbie,0.0025647767287350067
old,5.914938320862567E-4
javautiliterator,8.614923001166283E-4
subtract,0.001555486615121677
then,6.455972017033369E-4
arrayssortdata,0.001096138888892922
each,0.0011829876641725134
getpercent,0.002192277777785844
dictionary,8.614923001166283E-4
highest,0.002584476900349885
sourcelength,0.0012823883643675034
writerflush,8.614923001166283E-4
getclassgetsimplename,0.0019279855660708407
items,0.0011829876641725134
sub,9.639927830354204E-4
access,8.614923001166283E-4
pappletexpanddata,0.0019279855660708407
frequently,8.614923001166283E-4
javautilarrays,8.614923001166283E-4
sum,0.006030446100816398
long,0.0023332299226825155
sb,5.914938320862567E-4
setint,7.777433075608385E-4
datacount++,9.639927830354204E-4
pop,0.002120803629856711
into,0.0016292901563536352
tabdelimited,9.639927830354204E-4
current,0.0011829876641725134
default,6.455972017033369E-4
found,0.0019972648176198983
min,8.614923001166283E-4
runtimeexceptioncant,9.639927830354204E-4
are,0.002756086357372531
ints,0.001096138888892922
arraycopy,9.639927830354204E-4
arg,9.639927830354204E-4
appendvalue,0.0019279855660708407
so,9.986324088099492E-4
modifying,9.639927830354204E-4
though,0.001413869086571141
one,0.002715483593922725
stringlist,7.069345432855705E-4
appendnumber,0.001096138888892922
store,0.0012911944034066738
randompapplet,9.639927830354204E-4
actually,6.455972017033369E-4
call,5.914938320862567E-4
such,7.777433075608385E-4
shufflepapplet,9.639927830354204E-4
integerminvalue,0.0025647767287350067
sbtostring,7.777433075608385E-4
dataii,0.0019279855660708407
to,0.014699127239320165
stringbuilder,0.001555486615121677
but,0.003215434083601286
processingdata,8.614923001166283E-4
cant,0.001413869086571141
run,5.914938320862567E-4
intlistcount,0.0016007839456995867
source,7.069345432855705E-4
inside,4.993162044049746E-4
floatlistcount,0.0012823883643675034
zero,8.614923001166283E-4
features,7.777433075608385E-4
javaiofile,7.777433075608385E-4
loop,0.0012911944034066738
dataindex++,0.002192277777785844
has,5.430967187845451E-4
up,7.069345432855705E-4
actual,5.430967187845451E-4
systemarraycopydata,0.009639927830354202
nowebref,0.002120803629856711
intlength,0.00384716509310251
systemarraycopy,0.001096138888892922
this,0.003215434083601286
intlistdata,0.0016007839456995867
nuts,0.001096138888892922
crop,0.0028919783491062607
implements,6.455972017033369E-4
next,7.069345432855705E-4
import,0.002756086357372531
string,0.003215434083601286
classes,7.777433075608385E-4
changes,5.914938320862567E-4
floatlist,0.0028919783491062607
proper,7.069345432855705E-4
simplicity,9.639927830354204E-4
pappletparseintotostringtrim,0.0016007839456995867
negative,7.069345432855705E-4
not,0.0013780431786862655
appenduniqueint,0.0012823883643675034
missing,7.777433075608385E-4
intlistdict,0.001096138888892922
size=,9.639927830354204E-4
datalength,0.008675935047318784
cases,6.455972017033369E-4
illegalargumentexceptioninsert,0.0019279855660708407
start,0.0032585803127072703
was,0.0019972648176198983
way,7.069345432855705E-4
what,0.0021723868751381803
tostring,9.639927830354204E-4
aborted,0.0012823883643675034
deprecated,0.001555486615121677
consistency,0.001096138888892922
<b>int<b>,0.0012823883643675034
randomize,0.0028919783491062607
attempts,7.777433075608385E-4
sortreverse,9.639927830354204E-4
efficiency,0.0019279855660708407
still,0.001413869086571141
method,0.0014979486132149237
toarrayarray,0.001096138888892922
double,0.0017229846002332566
checkminmaxstring,0.001096138888892922
stringformatcannot,0.001096138888892922
listvalues,0.0019279855660708407
lowest,0.0028919783491062607
matches,7.777433075608385E-4
intlistmethod,0.024365378922982565
missingvalue,0.0032884166666787653
exist,6.455972017033369E-4
itself,0.00177448149625877
versions,7.069345432855705E-4
minindex,0.001096138888892922
internal,6.455972017033369E-4
<b>listcopysort<b>,9.639927830354204E-4
randomseed,0.0019279855660708407
specified,0.00354896299251754
out,6.455972017033369E-4
boundsproblemint,0.001096138888892922
get,0.0024965810220248727
believed,0.001096138888892922
copy,0.003215434083601286
place,9.986324088099492E-4
incrementint,0.0012823883643675034
removevaluesint,0.0012823883643675034
intcount,0.00516895380069977
efficient,8.614923001166283E-4
more,0.0013780431786862655
indexint,0.0012823883643675034
multint,0.001096138888892922
start+i,0.0012823883643675034
reverse,0.004307461500583141
runtimeexceptionmsg,8.614923001166283E-4
subint,0.001096138888892922
elements,0.002120803629856711
arraylength,8.614923001166283E-4
intlistsubset,0.0016007839456995867
cannot,0.0012911944034066738
pappletsubsetdata,9.639927830354204E-4
minimum,8.614923001166283E-4
checkminmaxmax,0.001096138888892922
first,0.0024965810220248727
<<,7.777433075608385E-4
msg,0.001413869086571141
small,7.777433075608385E-4
||,9.986324088099492E-4
<=,7.777433075608385E-4
insertint,0.0028919783491062607
data,0.011238382809638877
dataii++,9.639927830354204E-4
num,0.005164777613626695
checkminmaxminindex,0.001096138888892922
i++,0.009232644219337267
used,0.0010861934375690902
float,0.0023332299226825155
toarrayint,0.0016007839456995867
datavalue,0.0038559711321416814
only,4.993162044049746E-4
consequences,0.001096138888892922
create,9.986324088099492E-4
datacomposite,0.0012823883643675034
dict,0.001096138888892922
from,0.006890215893431328
==,0.004134129536058797
package,4.5934772622875517E-4
format,0.0012911944034066738
intlistint,0.0032015678913991734
particular,0.0034952134308348223
most,7.069345432855705E-4
outgoingseti,0.001096138888892922
iterating,8.614923001166283E-4
count++,9.639927830354204E-4
>=,0.003873583210220021
who,8.614923001166283E-4
javautilrandom,9.639927830354204E-4
largest,0.0019279855660708407
instances,9.639927830354204E-4
line,5.914938320862567E-4
normalized,8.614923001166283E-4
part,9.986324088099492E-4
values,0.008689547500552721
arraysfilldata,9.639927830354204E-4
percent,0.002192277777785844
public,0.03123564538355535
array,0.013012864305897648
sbappenddatai,9.639927830354204E-4
alias,9.639927830354204E-4
designed,9.639927830354204E-4
insertindex,0.0019279855660708407
value,0.030757679268485348
intlistthisremoveindex,0.0016007839456995867
amount,0.01033790760139954
temp,0.011948127813259993
debug,9.639927830354204E-4
will,0.0022967386311437757
clear,0.001555486615121677
allowing,8.614923001166283E-4
iterator<>,9.639927830354204E-4
int,0.04493845839644771
boolean,9.186954524575103E-4
iterable<integer>,0.0016007839456995867
<b>reverse<b>,0.0012823883643675034
toarray,0.0019279855660708407
thiscount,0.0012823883643675034